timestamp,icu_demand,ventilator_demand,oxygen_demand
2025-07-07 03:46:55.799697,11,3,51
2025-07-07 04:46:55.799697,12,5,47
2025-07-07 05:46:55.799697,13,7,62
2025-07-07 06:46:55.799697,13,8,54
2025-07-07 07:46:55.799697,20,9,67
2025-07-07 08:46:55.799697,12,6,66
2025-07-07 09:46:55.799697,14,9,53
2025-07-07 10:46:55.799697,17,7,44
2025-07-07 11:46:55.799697,18,9,43
2025-07-07 12:46:55.799697,18,7,34
2025-07-07 13:46:55.799697,15,8,44
2025-07-07 14:46:55.799697,12,7,42
2025-07-07 15:46:55.799697,14,5,46
2025-07-07 16:46:55.799697,9,4,65
2025-07-07 17:46:55.799697,8,5,62
2025-07-07 18:46:55.799697,11,5,82
2025-07-07 19:46:55.799697,7,3,70
2025-07-07 20:46:55.799697,9,3,67
2025-07-07 21:46:55.799697,6,3,63
2025-07-07 22:46:55.799697,6,3,48
2025-07-07 23:46:55.799697,3,5,47
2025-07-08 00:46:55.799697,8,4,43
2025-07-08 01:46:55.799697,7,6,50
2025-07-08 02:46:55.799697,9,6,55
2025-07-08 03:46:55.799697,10,4,62
2025-07-08 04:46:55.799697,15,9,70
2025-07-08 05:46:55.799697,16,6,75
2025-07-08 06:46:55.799697,17,10,79
2025-07-08 07:46:55.799697,19,9,80
2025-07-08 08:46:55.799697,16,8,69
2025-07-08 09:46:55.799697,18,9,49
2025-07-08 10:46:55.799697,15,10,60
2025-07-08 11:46:55.799697,18,10,51
2025-07-08 12:46:55.799697,16,10,34
2025-07-08 13:46:55.799697,14,7,39
2025-07-08 14:46:55.799697,14,7,50
2025-07-08 15:46:55.799697,11,6,56
2025-07-08 16:46:55.799697,14,6,69
2025-07-08 17:46:55.799697,11,5,90
2025-07-08 18:46:55.799697,12,3,76
2025-07-08 19:46:55.799697,9,3,82
2025-07-08 20:46:55.799697,10,5,71
2025-07-08 21:46:55.799697,9,5,49
2025-07-08 22:46:55.799697,9,4,56
2025-07-08 23:46:55.799697,5,4,43
2025-07-09 00:46:55.799697,14,4,40
2025-07-09 01:46:55.799697,12,6,43
2025-07-09 02:46:55.799697,11,6,53
2025-07-09 03:46:55.799697,12,8,54
2025-07-09 04:46:55.799697,16,8,63
2025-07-09 05:46:55.799697,16,9,65
2025-07-09 06:46:55.799697,15,8,67
2025-07-09 07:46:55.799697,12,8,78
2025-07-09 08:46:55.799697,16,11,72
2025-07-09 09:46:55.799697,20,10,49
2025-07-09 10:46:55.799697,19,11,55
2025-07-09 11:46:55.799697,19,8,35
2025-07-09 12:46:55.799697,14,10,38
2025-07-09 13:46:55.799697,15,8,41
2025-07-09 14:46:55.799697,11,5,44
2025-07-09 15:46:55.799697,14,6,56
2025-07-09 16:46:55.799697,14,6,73
2025-07-09 17:46:55.799697,8,7,71
2025-07-09 18:46:55.799697,10,5,74
2025-07-09 19:46:55.799697,8,2,58
2025-07-09 20:46:55.799697,7,3,68
2025-07-09 21:46:55.799697,7,3,61
2025-07-09 22:46:55.799697,9,4,43
2025-07-09 23:46:55.799697,6,2,45
2025-07-10 00:46:55.799697,6,5,41
2025-07-10 01:46:55.799697,9,5,43
2025-07-10 02:46:55.799697,9,5,42
2025-07-10 03:46:55.799697,12,5,49
2025-07-10 04:46:55.799697,11,8,59
2025-07-10 05:46:55.799697,13,7,65
2025-07-10 06:46:55.799697,16,9,77
2025-07-10 07:46:55.799697,14,6,65
2025-07-10 08:46:55.799697,17,10,65
2025-07-10 09:46:55.799697,18,11,45
2025-07-10 10:46:55.799697,16,9,42
2025-07-10 11:46:55.799697,12,6,29
2025-07-10 12:46:55.799697,13,8,38
2025-07-10 13:46:55.799697,10,7,31
2025-07-10 14:46:55.799697,13,5,37
2025-07-10 15:46:55.799697,12,5,58
2025-07-10 16:46:55.799697,10,4,57
2025-07-10 17:46:55.799697,10,4,63
2025-07-10 18:46:55.799697,6,2,65
2025-07-10 19:46:55.799697,7,2,60
2025-07-10 20:46:55.799697,5,3,59
2025-07-10 21:46:55.799697,5,2,46
2025-07-10 22:46:55.799697,0,0,45
2025-07-10 23:46:55.799697,1,2,40
2025-07-11 00:46:55.799697,3,3,33
2025-07-11 01:46:55.799697,3,1,27
2025-07-11 02:46:55.799697,7,4,34
2025-07-11 03:46:55.799697,7,5,41
2025-07-11 04:46:55.799697,8,5,57
2025-07-11 05:46:55.799697,13,5,60
2025-07-11 06:46:55.799697,12,5,61
2025-07-11 07:46:55.799697,16,6,52
2025-07-11 08:46:55.799697,11,8,48
2025-07-11 09:46:55.799697,11,5,43
2025-07-11 10:46:55.799697,13,8,33
2025-07-11 11:46:55.799697,15,6,29
2025-07-11 12:46:55.799697,7,6,37
2025-07-11 13:46:55.799697,11,5,32
2025-07-11 14:46:55.799697,11,3,39
2025-07-11 15:46:55.799697,4,3,32
2025-07-11 16:46:55.799697,9,1,46
2025-07-11 17:46:55.799697,4,1,63
2025-07-11 18:46:55.799697,5,1,69
2025-07-11 19:46:55.799697,5,1,59
2025-07-11 20:46:55.799697,4,1,45
2025-07-11 21:46:55.799697,1,0,37
2025-07-11 22:46:55.799697,3,1,34
2025-07-11 23:46:55.799697,0,0,35
2025-07-12 00:46:55.799697,2,1,21
2025-07-12 01:46:55.799697,6,3,30
2025-07-12 02:46:55.799697,0,3,32
2025-07-12 03:46:55.799697,9,0,37
2025-07-12 04:46:55.799697,8,4,48
2025-07-12 05:46:55.799697,12,5,49
2025-07-12 06:46:55.799697,9,6,52
2025-07-12 07:46:55.799697,9,6,54
2025-07-12 08:46:55.799697,14,6,45
2025-07-12 09:46:55.799697,12,7,48
2025-07-12 10:46:55.799697,14,5,36
2025-07-12 11:46:55.799697,10,5,28
2025-07-12 12:46:55.799697,7,6,24
2025-07-12 13:46:55.799697,10,5,33
2025-07-12 14:46:55.799697,10,5,37
2025-07-12 15:46:55.799697,10,4,43
2025-07-12 16:46:55.799697,10,2,52
2025-07-12 17:46:55.799697,6,2,56
2025-07-12 18:46:55.799697,5,1,55
2025-07-12 19:46:55.799697,5,1,60
2025-07-12 20:46:55.799697,5,1,56
2025-07-12 21:46:55.799697,3,0,38
2025-07-12 22:46:55.799697,2,0,27
2025-07-12 23:46:55.799697,3,2,20
2025-07-13 00:46:55.799697,6,1,31
2025-07-13 01:46:55.799697,7,2,30
2025-07-13 02:46:55.799697,4,3,38
2025-07-13 03:46:55.799697,5,4,42
2025-07-13 04:46:55.799697,11,5,50
2025-07-13 05:46:55.799697,10,5,52
2025-07-13 06:46:55.799697,12,6,63
2025-07-13 07:46:55.799697,10,6,54
2025-07-13 08:46:55.799697,13,7,45
2025-07-13 09:46:55.799697,12,8,44
2025-07-13 10:46:55.799697,13,8,39
2025-07-13 11:46:55.799697,11,6,34
2025-07-13 12:46:55.799697,13,8,23
2025-07-13 13:46:55.799697,13,6,30
2025-07-13 14:46:55.799697,10,4,45
2025-07-13 15:46:55.799697,7,5,44
2025-07-13 16:46:55.799697,12,4,53
2025-07-13 17:46:55.799697,7,6,62
2025-07-13 18:46:55.799697,4,3,68
2025-07-13 19:46:55.799697,8,2,64
2025-07-13 20:46:55.799697,3,3,61
2025-07-13 21:46:55.799697,7,2,43
2025-07-13 22:46:55.799697,7,3,43
2025-07-13 23:46:55.799697,3,2,37
2025-07-14 00:46:55.799697,9,1,34
2025-07-14 01:46:55.799697,10,3,41
2025-07-14 02:46:55.799697,6,5,42
2025-07-14 03:46:55.799697,10,7,47
2025-07-14 04:46:55.799697,13,7,54
2025-07-14 05:46:55.799697,12,5,56
2025-07-14 06:46:55.799697,16,8,64
2025-07-14 07:46:55.799697,15,7,66
2025-07-14 08:46:55.799697,16,9,62
2025-07-14 09:46:55.799697,17,10,58
2025-07-14 10:46:55.799697,16,9,35
2025-07-14 11:46:55.799697,13,8,38
2025-07-14 12:46:55.799697,14,9,44
2025-07-14 13:46:55.799697,10,8,33
2025-07-14 14:46:55.799697,13,6,54
2025-07-14 15:46:55.799697,10,4,49
2025-07-14 16:46:55.799697,10,7,62
2025-07-14 17:46:55.799697,5,5,74
2025-07-14 18:46:55.799697,6,4,62
2025-07-14 19:46:55.799697,7,3,68
2025-07-14 20:46:55.799697,5,4,68
2025-07-14 21:46:55.799697,9,2,50
2025-07-14 22:46:55.799697,6,3,51
2025-07-14 23:46:55.799697,10,4,36
2025-07-15 00:46:55.799697,6,5,47
2025-07-15 01:46:55.799697,8,5,51
2025-07-15 02:46:55.799697,13,4,54
2025-07-15 03:46:55.799697,13,7,54
2025-07-15 04:46:55.799697,13,7,61
2025-07-15 05:46:55.799697,11,5,77
2025-07-15 06:46:55.799697,19,9,81
2025-07-15 07:46:55.799697,19,9,63
2025-07-15 08:46:55.799697,20,11,71
2025-07-15 09:46:55.799697,17,11,56
2025-07-15 10:46:55.799697,21,9,50
2025-07-15 11:46:55.799697,20,9,39
2025-07-15 12:46:55.799697,16,9,43
2025-07-15 13:46:55.799697,13,9,42
2025-07-15 14:46:55.799697,17,8,53
2025-07-15 15:46:55.799697,10,7,50
2025-07-15 16:46:55.799697,13,8,72
2025-07-15 17:46:55.799697,8,7,71
2025-07-15 18:46:55.799697,7,5,75
2025-07-15 19:46:55.799697,5,4,68
2025-07-15 20:46:55.799697,6,5,62
2025-07-15 21:46:55.799697,7,6,68
2025-07-15 22:46:55.799697,5,3,56
2025-07-15 23:46:55.799697,8,3,41
2025-07-16 00:46:55.799697,8,4,42
2025-07-16 01:46:55.799697,12,5,44
2025-07-16 02:46:55.799697,11,7,50
2025-07-16 03:46:55.799697,9,8,61
2025-07-16 04:46:55.799697,13,9,72
2025-07-16 05:46:55.799697,15,10,79
2025-07-16 06:46:55.799697,18,9,75
2025-07-16 07:46:55.799697,16,11,75
2025-07-16 08:46:55.799697,18,10,71
2025-07-16 09:46:55.799697,15,11,58
2025-07-16 10:46:55.799697,16,9,63
2025-07-16 11:46:55.799697,14,10,48
2025-07-16 12:46:55.799697,17,9,39
2025-07-16 13:46:55.799697,15,8,39
2025-07-16 14:46:55.799697,13,9,47
2025-07-16 15:46:55.799697,14,7,54
2025-07-16 16:46:55.799697,11,5,66
2025-07-16 17:46:55.799697,11,3,71
2025-07-16 18:46:55.799697,8,4,80
2025-07-16 19:46:55.799697,7,3,67
2025-07-16 20:46:55.799697,5,6,56
2025-07-16 21:46:55.799697,6,2,55
2025-07-16 22:46:55.799697,4,2,53
2025-07-16 23:46:55.799697,6,3,46
2025-07-17 00:46:55.799697,10,4,44
2025-07-17 01:46:55.799697,9,5,43
2025-07-17 02:46:55.799697,10,6,50
2025-07-17 03:46:55.799697,11,6,64
2025-07-17 04:46:55.799697,14,6,60
2025-07-17 05:46:55.799697,13,8,73
2025-07-17 06:46:55.799697,16,9,72
2025-07-17 07:46:55.799697,16,9,62
2025-07-17 08:46:55.799697,16,8,60
2025-07-17 09:46:55.799697,20,9,50
2025-07-17 10:46:55.799697,14,9,40
2025-07-17 11:46:55.799697,14,10,35
2025-07-17 12:46:55.799697,13,7,38
2025-07-17 13:46:55.799697,8,7,33
2025-07-17 14:46:55.799697,12,7,40
2025-07-17 15:46:55.799697,10,3,56
2025-07-17 16:46:55.799697,10,4,61
2025-07-17 17:46:55.799697,6,2,50
2025-07-17 18:46:55.799697,2,2,60
2025-07-17 19:46:55.799697,4,2,65
2025-07-17 20:46:55.799697,10,2,55
2025-07-17 21:46:55.799697,5,0,47
2025-07-17 22:46:55.799697,8,2,40
2025-07-17 23:46:55.799697,3,1,37
2025-07-18 00:46:55.799697,5,1,34
2025-07-18 01:46:55.799697,9,3,44
2025-07-18 02:46:55.799697,8,4,37
2025-07-18 03:46:55.799697,10,5,44
2025-07-18 04:46:55.799697,11,5,61
2025-07-18 05:46:55.799697,11,7,62
2025-07-18 06:46:55.799697,12,6,58
2025-07-18 07:46:55.799697,12,8,57
2025-07-18 08:46:55.799697,8,6,48
2025-07-18 09:46:55.799697,9,7,50
2025-07-18 10:46:55.799697,17,7,40
2025-07-18 11:46:55.799697,16,5,35
2025-07-18 12:46:55.799697,12,6,30
2025-07-18 13:46:55.799697,13,5,38
2025-07-18 14:46:55.799697,9,4,25
2025-07-18 15:46:55.799697,11,4,49
2025-07-18 16:46:55.799697,8,3,55
2025-07-18 17:46:55.799697,9,0,60
2025-07-18 18:46:55.799697,4,2,53
2025-07-18 19:46:55.799697,2,2,57
2025-07-18 20:46:55.799697,2,0,49
2025-07-18 21:46:55.799697,2,0,39
2025-07-18 22:46:55.799697,6,1,36
2025-07-18 23:46:55.799697,2,0,28
2025-07-19 00:46:55.799697,4,1,29
2025-07-19 01:46:55.799697,3,2,26
2025-07-19 02:46:55.799697,7,0,32
2025-07-19 03:46:55.799697,7,2,42
2025-07-19 04:46:55.799697,8,5,51
2025-07-19 05:46:55.799697,11,4,46
2025-07-19 06:46:55.799697,11,5,59
2025-07-19 07:46:55.799697,12,4,54
2025-07-19 08:46:55.799697,11,5,43
2025-07-19 09:46:55.799697,14,7,32
2025-07-19 10:46:55.799697,10,6,38
2025-07-19 11:46:55.799697,10,6,31
2025-07-19 12:46:55.799697,14,5,24
2025-07-19 13:46:55.799697,8,6,27
2025-07-19 14:46:55.799697,8,4,43
2025-07-19 15:46:55.799697,7,1,36
2025-07-19 16:46:55.799697,8,3,42
2025-07-19 17:46:55.799697,3,3,51
2025-07-19 18:46:55.799697,0,0,49
2025-07-19 19:46:55.799697,3,0,60
2025-07-19 20:46:55.799697,3,0,49
2025-07-19 21:46:55.799697,0,1,39
2025-07-19 22:46:55.799697,0,1,37
2025-07-19 23:46:55.799697,5,1,32
2025-07-20 00:46:55.799697,3,0,26
2025-07-20 01:46:55.799697,6,1,24
2025-07-20 02:46:55.799697,5,4,30
2025-07-20 03:46:55.799697,7,5,53
2025-07-20 04:46:55.799697,7,4,47
2025-07-20 05:46:55.799697,10,5,56
2025-07-20 06:46:55.799697,14,5,65
2025-07-20 07:46:55.799697,17,6,59
2025-07-20 08:46:55.799697,13,5,49
2025-07-20 09:46:55.799697,15,7,38
2025-07-20 10:46:55.799697,13,7,42
2025-07-20 11:46:55.799697,14,5,29
2025-07-20 12:46:55.799697,13,7,25
2025-07-20 13:46:55.799697,12,4,24
2025-07-20 14:46:55.799697,11,6,28
2025-07-20 15:46:55.799697,11,5,50
2025-07-20 16:46:55.799697,6,3,55
2025-07-20 17:46:55.799697,7,4,57
2025-07-20 18:46:55.799697,3,1,57
2025-07-20 19:46:55.799697,7,2,65
2025-07-20 20:46:55.799697,3,3,57
2025-07-20 21:46:55.799697,3,3,52
2025-07-20 22:46:55.799697,7,1,33
2025-07-20 23:46:55.799697,6,3,34
2025-07-21 00:46:55.799697,2,2,41
2025-07-21 01:46:55.799697,9,1,38
2025-07-21 02:46:55.799697,9,4,39
2025-07-21 03:46:55.799697,10,5,45
2025-07-21 04:46:55.799697,7,5,63
2025-07-21 05:46:55.799697,10,6,58
2025-07-21 06:46:55.799697,19,8,63
2025-07-21 07:46:55.799697,17,7,66
2025-07-21 08:46:55.799697,15,7,57
2025-07-21 09:46:55.799697,16,9,50
2025-07-21 10:46:55.799697,15,10,47
2025-07-21 11:46:55.799697,17,8,40
2025-07-21 12:46:55.799697,13,6,46
2025-07-21 13:46:55.799697,15,8,38
2025-07-21 14:46:55.799697,14,7,51
2025-07-21 15:46:55.799697,17,7,54
2025-07-21 16:46:55.799697,6,5,65
2025-07-21 17:46:55.799697,13,2,64
2025-07-21 18:46:55.799697,9,4,68
2025-07-21 19:46:55.799697,4,1,66
2025-07-21 20:46:55.799697,6,5,62
2025-07-21 21:46:55.799697,7,3,55
2025-07-21 22:46:55.799697,8,4,52
2025-07-21 23:46:55.799697,10,5,44
2025-07-22 00:46:55.799697,10,3,44
2025-07-22 01:46:55.799697,10,5,51
2025-07-22 02:46:55.799697,8,5,45
2025-07-22 03:46:55.799697,17,7,61
2025-07-22 04:46:55.799697,19,7,68
2025-07-22 05:46:55.799697,20,8,77
2025-07-22 06:46:55.799697,15,9,75
2025-07-22 07:46:55.799697,20,10,73
2025-07-22 08:46:55.799697,18,8,67
2025-07-22 09:46:55.799697,22,11,60
2025-07-22 10:46:55.799697,20,10,56
2025-07-22 11:46:55.799697,18,10,50
2025-07-22 12:46:55.799697,17,8,44
2025-07-22 13:46:55.799697,17,8,48
2025-07-22 14:46:55.799697,17,7,58
2025-07-22 15:46:55.799697,13,6,61
2025-07-22 16:46:55.799697,14,6,74
2025-07-22 17:46:55.799697,14,5,72
2025-07-22 18:46:55.799697,10,4,76
2025-07-22 19:46:55.799697,10,7,76
2025-07-22 20:46:55.799697,7,4,68
2025-07-22 21:46:55.799697,6,4,50
2025-07-22 22:46:55.799697,6,2,51
2025-07-22 23:46:55.799697,5,5,45
2025-07-23 00:46:55.799697,9,6,44
2025-07-23 01:46:55.799697,12,5,47
2025-07-23 02:46:55.799697,9,7,35
2025-07-23 03:46:55.799697,13,8,57
2025-07-23 04:46:55.799697,16,7,67
2025-07-23 05:46:55.799697,16,9,71
2025-07-23 06:46:55.799697,15,9,77
2025-07-23 07:46:55.799697,18,10,72
2025-07-23 08:46:55.799697,17,11,70
2025-07-23 09:46:55.799697,17,11,66
2025-07-23 10:46:55.799697,17,10,40
2025-07-23 11:46:55.799697,18,9,43
2025-07-23 12:46:55.799697,12,10,49
2025-07-23 13:46:55.799697,12,6,39
2025-07-23 14:46:55.799697,10,9,47
2025-07-23 15:46:55.799697,15,7,58
2025-07-23 16:46:55.799697,11,6,64
2025-07-23 17:46:55.799697,11,5,75
2025-07-23 18:46:55.799697,10,4,70
2025-07-23 19:46:55.799697,10,4,71
2025-07-23 20:46:55.799697,5,3,65
2025-07-23 21:46:55.799697,6,4,54
2025-07-23 22:46:55.799697,6,4,44
2025-07-23 23:46:55.799697,9,6,35
2025-07-24 00:46:55.799697,12,4,47
2025-07-24 01:46:55.799697,14,4,47
2025-07-24 02:46:55.799697,11,6,45
2025-07-24 03:46:55.799697,12,6,45
2025-07-24 04:46:55.799697,13,6,58
2025-07-24 05:46:55.799697,16,7,70
2025-07-24 06:46:55.799697,15,10,63
2025-07-24 07:46:55.799697,14,8,68
2025-07-24 08:46:55.799697,15,9,62
2025-07-24 09:46:55.799697,16,8,40
2025-07-24 10:46:55.799697,19,9,45
2025-07-24 11:46:55.799697,15,8,37
2025-07-24 12:46:55.799697,13,9,29
2025-07-24 13:46:55.799697,9,6,44
2025-07-24 14:46:55.799697,10,5,48
2025-07-24 15:46:55.799697,11,6,46
2025-07-24 16:46:55.799697,9,6,58
2025-07-24 17:46:55.799697,8,2,64
2025-07-24 18:46:55.799697,5,2,62
2025-07-24 19:46:55.799697,4,1,72
2025-07-24 20:46:55.799697,4,2,53
2025-07-24 21:46:55.799697,4,2,53
2025-07-24 22:46:55.799697,5,3,50
2025-07-24 23:46:55.799697,5,3,43
2025-07-25 00:46:55.799697,8,1,33
2025-07-25 01:46:55.799697,5,2,38
2025-07-25 02:46:55.799697,10,3,39
2025-07-25 03:46:55.799697,11,6,40
2025-07-25 04:46:55.799697,12,5,56
2025-07-25 05:46:55.799697,14,5,60
2025-07-25 06:46:55.799697,13,6,61
2025-07-25 07:46:55.799697,9,6,51
2025-07-25 08:46:55.799697,15,6,59
2025-07-25 09:46:55.799697,16,7,47
2025-07-25 10:46:55.799697,10,7,40
2025-07-25 11:46:55.799697,9,8,25
2025-07-25 12:46:55.799697,11,5,25
2025-07-25 13:46:55.799697,13,6,36
2025-07-25 14:46:55.799697,8,4,37
2025-07-25 15:46:55.799697,6,4,44
2025-07-25 16:46:55.799697,8,1,55
2025-07-25 17:46:55.799697,5,2,60
2025-07-25 18:46:55.799697,3,1,57
2025-07-25 19:46:55.799697,0,1,54
2025-07-25 20:46:55.799697,3,1,54
2025-07-25 21:46:55.799697,0,2,38
2025-07-25 22:46:55.799697,1,0,40
2025-07-25 23:46:55.799697,2,1,26
2025-07-26 00:46:55.799697,1,1,23
2025-07-26 01:46:55.799697,5,3,29
2025-07-26 02:46:55.799697,8,4,35
2025-07-26 03:46:55.799697,6,2,39
2025-07-26 04:46:55.799697,11,3,48
2025-07-26 05:46:55.799697,6,5,50
2025-07-26 06:46:55.799697,8,5,56
2025-07-26 07:46:55.799697,9,5,52
2025-07-26 08:46:55.799697,13,8,49
2025-07-26 09:46:55.799697,8,7,36
2025-07-26 10:46:55.799697,13,8,36
2025-07-26 11:46:55.799697,10,7,11
2025-07-26 12:46:55.799697,11,4,17
2025-07-26 13:46:55.799697,6,3,23
2025-07-26 14:46:55.799697,10,3,38
2025-07-26 15:46:55.799697,4,4,35
2025-07-26 16:46:55.799697,7,3,57
2025-07-26 17:46:55.799697,5,2,48
2025-07-26 18:46:55.799697,4,2,51
2025-07-26 19:46:55.799697,2,0,57
2025-07-26 20:46:55.799697,3,0,43
2025-07-26 21:46:55.799697,4,0,36
2025-07-26 22:46:55.799697,3,0,42
2025-07-26 23:46:55.799697,5,0,31
2025-07-27 00:46:55.799697,4,0,24
2025-07-27 01:46:55.799697,4,2,21
2025-07-27 02:46:55.799697,5,4,36
2025-07-27 03:46:55.799697,8,5,37
2025-07-27 04:46:55.799697,10,4,50
2025-07-27 05:46:55.799697,8,4,60
2025-07-27 06:46:55.799697,11,7,57
2025-07-27 07:46:55.799697,12,5,54
2025-07-27 08:46:55.799697,11,6,50
2025-07-27 09:46:55.799697,12,5,49
2025-07-27 10:46:55.799697,15,7,43
2025-07-27 11:46:55.799697,17,7,26
2025-07-27 12:46:55.799697,14,5,30
2025-07-27 13:46:55.799697,10,7,34
2025-07-27 14:46:55.799697,11,4,46
2025-07-27 15:46:55.799697,10,1,54
2025-07-27 16:46:55.799697,8,2,54
2025-07-27 17:46:55.799697,7,3,70
2025-07-27 18:46:55.799697,4,2,63
2025-07-27 19:46:55.799697,9,1,63
2025-07-27 20:46:55.799697,4,1,62
2025-07-27 21:46:55.799697,3,2,52
2025-07-27 22:46:55.799697,8,1,44
2025-07-27 23:46:55.799697,3,3,32
2025-07-28 00:46:55.799697,4,1,32
2025-07-28 01:46:55.799697,7,4,38
2025-07-28 02:46:55.799697,9,4,40
2025-07-28 03:46:55.799697,11,6,49
2025-07-28 04:46:55.799697,10,5,55
2025-07-28 05:46:55.799697,11,8,63
2025-07-28 06:46:55.799697,11,7,69
2025-07-28 07:46:55.799697,17,7,63
2025-07-28 08:46:55.799697,14,9,50
2025-07-28 09:46:55.799697,20,9,57
2025-07-28 10:46:55.799697,17,8,38
2025-07-28 11:46:55.799697,17,7,42
2025-07-28 12:46:55.799697,14,8,44
2025-07-28 13:46:55.799697,14,8,37
2025-07-28 14:46:55.799697,12,7,48
2025-07-28 15:46:55.799697,9,6,58
2025-07-28 16:46:55.799697,12,7,64
2025-07-28 17:46:55.799697,4,6,69
2025-07-28 18:46:55.799697,10,3,70
2025-07-28 19:46:55.799697,4,4,68
2025-07-28 20:46:55.799697,8,2,69
2025-07-28 21:46:55.799697,6,3,53
2025-07-28 22:46:55.799697,8,3,51
2025-07-28 23:46:55.799697,9,4,52
2025-07-29 00:46:55.799697,9,4,40
2025-07-29 01:46:55.799697,10,5,37
2025-07-29 02:46:55.799697,12,5,44
2025-07-29 03:46:55.799697,10,7,59
2025-07-29 04:46:55.799697,14,7,67
2025-07-29 05:46:55.799697,13,8,76
2025-07-29 06:46:55.799697,13,7,74
2025-07-29 07:46:55.799697,16,9,66
2025-07-29 08:46:55.799697,18,9,69
2025-07-29 09:46:55.799697,16,9,55
2025-07-29 10:46:55.799697,16,9,52
2025-07-29 11:46:55.799697,16,10,45
2025-07-29 12:46:55.799697,15,10,49
2025-07-29 13:46:55.799697,14,8,53
2025-07-29 14:46:55.799697,14,7,44
2025-07-29 15:46:55.799697,13,9,58
2025-07-29 16:46:55.799697,15,7,78
2025-07-29 17:46:55.799697,12,6,75
2025-07-29 18:46:55.799697,11,4,75
2025-07-29 19:46:55.799697,6,4,70
2025-07-29 20:46:55.799697,9,5,72
2025-07-29 21:46:55.799697,10,4,49
2025-07-29 22:46:55.799697,8,5,49
2025-07-29 23:46:55.799697,10,3,55
2025-07-30 00:46:55.799697,10,5,45
2025-07-30 01:46:55.799697,13,4,50
2025-07-30 02:46:55.799697,16,6,53
2025-07-30 03:46:55.799697,12,8,56
2025-07-30 04:46:55.799697,11,8,64
2025-07-30 05:46:55.799697,16,8,68
2025-07-30 06:46:55.799697,18,10,73
2025-07-30 07:46:55.799697,17,10,75
2025-07-30 08:46:55.799697,15,11,73
2025-07-30 09:46:55.799697,20,9,54
2025-07-30 10:46:55.799697,16,10,52
2025-07-30 11:46:55.799697,16,9,42
2025-07-30 12:46:55.799697,17,8,41
2025-07-30 13:46:55.799697,15,9,45
2025-07-30 14:46:55.799697,12,7,47
2025-07-30 15:46:55.799697,12,5,64
2025-07-30 16:46:55.799697,8,5,64
2025-07-30 17:46:55.799697,9,4,73
2025-07-30 18:46:55.799697,7,4,79
2025-07-30 19:46:55.799697,7,4,83
2025-07-30 20:46:55.799697,8,5,60
2025-07-30 21:46:55.799697,7,4,52
2025-07-30 22:46:55.799697,7,5,54
2025-07-30 23:46:55.799697,10,4,47
2025-07-31 00:46:55.799697,7,5,41
2025-07-31 01:46:55.799697,9,3,38
2025-07-31 02:46:55.799697,9,5,48
2025-07-31 03:46:55.799697,12,4,56
2025-07-31 04:46:55.799697,9,6,65
2025-07-31 05:46:55.799697,12,8,75
2025-07-31 06:46:55.799697,14,9,73
2025-07-31 07:46:55.799697,17,10,65
2025-07-31 08:46:55.799697,16,6,64
2025-07-31 09:46:55.799697,17,9,51
2025-07-31 10:46:55.799697,15,7,45
2025-07-31 11:46:55.799697,11,7,48
2025-07-31 12:46:55.799697,14,8,29
2025-07-31 13:46:55.799697,14,7,42
2025-07-31 14:46:55.799697,13,4,41
2025-07-31 15:46:55.799697,9,4,50
2025-07-31 16:46:55.799697,7,5,54
2025-07-31 17:46:55.799697,7,4,60
2025-07-31 18:46:55.799697,6,3,65
2025-07-31 19:46:55.799697,3,3,57
2025-07-31 20:46:55.799697,4,3,55
2025-07-31 21:46:55.799697,3,2,50
2025-07-31 22:46:55.799697,0,3,44
2025-07-31 23:46:55.799697,0,3,33
2025-08-01 00:46:55.799697,5,3,27
2025-08-01 01:46:55.799697,9,2,31
2025-08-01 02:46:55.799697,8,3,42
2025-08-01 03:46:55.799697,10,4,40
2025-08-01 04:46:55.799697,9,6,54
2025-08-01 05:46:55.799697,14,6,62
2025-08-01 06:46:55.799697,12,6,65
2025-08-01 07:46:55.799697,13,9,59
2025-08-01 08:46:55.799697,14,5,56
2025-08-01 09:46:55.799697,10,5,53
2025-08-01 10:46:55.799697,11,6,32
2025-08-01 11:46:55.799697,15,7,27
2025-08-01 12:46:55.799697,12,6,30
2025-08-01 13:46:55.799697,9,5,38
2025-08-01 14:46:55.799697,11,5,36
2025-08-01 15:46:55.799697,7,3,38
2025-08-01 16:46:55.799697,4,4,48
2025-08-01 17:46:55.799697,8,2,57
2025-08-01 18:46:55.799697,1,0,68
2025-08-01 19:46:55.799697,1,2,53
2025-08-01 20:46:55.799697,2,1,48
2025-08-01 21:46:55.799697,3,0,36
2025-08-01 22:46:55.799697,3,0,22
2025-08-01 23:46:55.799697,4,1,31
2025-08-02 00:46:55.799697,6,1,24
2025-08-02 01:46:55.799697,5,2,29
2025-08-02 02:46:55.799697,6,2,32
2025-08-02 03:46:55.799697,9,3,44
2025-08-02 04:46:55.799697,11,5,45
2025-08-02 05:46:55.799697,10,5,61
2025-08-02 06:46:55.799697,6,5,60
2025-08-02 07:46:55.799697,11,5,55
2025-08-02 08:46:55.799697,14,6,45
2025-08-02 09:46:55.799697,13,5,38
2025-08-02 10:46:55.799697,15,4,31
2025-08-02 11:46:55.799697,10,5,26
2025-08-02 12:46:55.799697,10,5,22
2025-08-02 13:46:55.799697,11,4,24
2025-08-02 14:46:55.799697,8,6,27
2025-08-02 15:46:55.799697,4,3,40
2025-08-02 16:46:55.799697,6,1,52
2025-08-02 17:46:55.799697,6,1,56
2025-08-02 18:46:55.799697,6,1,46
2025-08-02 19:46:55.799697,2,0,49
2025-08-02 20:46:55.799697,3,0,52
2025-08-02 21:46:55.799697,4,0,43
2025-08-02 22:46:55.799697,0,0,30
2025-08-02 23:46:55.799697,3,0,29
2025-08-03 00:46:55.799697,7,2,26
2025-08-03 01:46:55.799697,5,1,35
2025-08-03 02:46:55.799697,3,2,37
2025-08-03 03:46:55.799697,11,1,44
2025-08-03 04:46:55.799697,11,6,54
2025-08-03 05:46:55.799697,11,3,50
2025-08-03 06:46:55.799697,9,5,58
2025-08-03 07:46:55.799697,12,7,51
2025-08-03 08:46:55.799697,11,7,48
2025-08-03 09:46:55.799697,10,7,41
2025-08-03 10:46:55.799697,17,6,38
2025-08-03 11:46:55.799697,11,8,35
2025-08-03 12:46:55.799697,12,4,27
2025-08-03 13:46:55.799697,13,6,37
2025-08-03 14:46:55.799697,11,5,38
2025-08-03 15:46:55.799697,11,5,45
2025-08-03 16:46:55.799697,6,3,56
2025-08-03 17:46:55.799697,7,2,65
2025-08-03 18:46:55.799697,6,4,66
2025-08-03 19:46:55.799697,3,1,64
2025-08-03 20:46:55.799697,7,1,58
2025-08-03 21:46:55.799697,4,2,47
2025-08-03 22:46:55.799697,6,1,40
2025-08-03 23:46:55.799697,7,3,45
2025-08-04 00:46:55.799697,4,3,41
2025-08-04 01:46:55.799697,6,4,38
2025-08-04 02:46:55.799697,8,3,49
2025-08-04 03:46:55.799697,11,5,49
2025-08-04 04:46:55.799697,14,6,67
2025-08-04 05:46:55.799697,13,7,64
2025-08-04 06:46:55.799697,12,8,73
2025-08-04 07:46:55.799697,12,7,70
2025-08-04 08:46:55.799697,17,10,59
2025-08-04 09:46:55.799697,15,7,49
2025-08-04 10:46:55.799697,14,8,46
2025-08-04 11:46:55.799697,14,8,39
2025-08-04 12:46:55.799697,17,8,37
2025-08-04 13:46:55.799697,12,6,47
2025-08-04 14:46:55.799697,13,7,48
2025-08-04 15:46:55.799697,10,5,61
2025-08-04 16:46:55.799697,13,5,69
2025-08-04 17:46:55.799697,9,4,69
2025-08-04 18:46:55.799697,8,4,74
2025-08-04 19:46:55.799697,8,2,75
2025-08-04 20:46:55.799697,4,4,68
2025-08-04 21:46:55.799697,9,3,60
2025-08-04 22:46:55.799697,3,4,51
2025-08-04 23:46:55.799697,9,4,39
2025-08-05 00:46:55.799697,7,5,42
2025-08-05 01:46:55.799697,9,5,41
2025-08-05 02:46:55.799697,10,7,52
2025-08-05 03:46:55.799697,14,6,61
2025-08-05 04:46:55.799697,13,6,75
2025-08-05 05:46:55.799697,15,8,75
2025-08-05 06:46:55.799697,18,8,75
2025-08-05 07:46:55.799697,16,11,72
2025-08-05 08:46:55.799697,17,11,66
2025-08-05 09:46:55.799697,19,9,57
2025-08-05 10:46:55.799697,17,11,56
2025-08-05 11:46:55.799697,18,9,51
2025-08-05 12:46:55.799697,18,10,53
2025-08-05 13:46:55.799697,17,8,34
2025-08-05 14:46:55.799697,17,9,50
2025-08-05 15:46:55.799697,10,8,63
2025-08-05 16:46:55.799697,12,5,67
2025-08-05 17:46:55.799697,13,6,68
2025-08-05 18:46:55.799697,11,4,77
2025-08-05 19:46:55.799697,7,3,79
2025-08-05 20:46:55.799697,11,4,63
2025-08-05 21:46:55.799697,7,4,57
2025-08-05 22:46:55.799697,10,4,58
2025-08-05 23:46:55.799697,10,4,50
2025-08-06 00:46:55.799697,8,6,49
2025-08-06 01:46:55.799697,9,5,46
2025-08-06 02:46:55.799697,10,5,39
2025-08-06 03:46:55.799697,18,6,64
2025-08-06 04:46:55.799697,12,7,71
2025-08-06 05:46:55.799697,20,9,77
2025-08-06 06:46:55.799697,15,10,78
2025-08-06 07:46:55.799697,19,11,77
2025-08-06 08:46:55.799697,20,11,71
2025-08-06 09:46:55.799697,16,10,64
2025-08-06 10:46:55.799697,22,10,51
2025-08-06 11:46:55.799697,17,8,48
2025-08-06 12:46:55.799697,16,9,44
2025-08-06 13:46:55.799697,14,8,45
2025-08-06 14:46:55.799697,12,9,45
2025-08-06 15:46:55.799697,8,6,55
2025-08-06 16:46:55.799697,14,6,60
2025-08-06 17:46:55.799697,9,6,72
2025-08-06 18:46:55.799697,12,4,73
2025-08-06 19:46:55.799697,4,4,70
2025-08-06 20:46:55.799697,10,4,58
2025-08-06 21:46:55.799697,9,4,56
2025-08-06 22:46:55.799697,6,3,39
2025-08-06 23:46:55.799697,7,4,46
2025-08-07 00:46:55.799697,9,5,42
2025-08-07 01:46:55.799697,7,6,44
2025-08-07 02:46:55.799697,11,5,35
2025-08-07 03:46:55.799697,11,4,56
2025-08-07 04:46:55.799697,10,7,64
2025-08-07 05:46:55.799697,15,6,67
2025-08-07 06:46:55.799697,15,8,73
2025-08-07 07:46:55.799697,16,8,68
2025-08-07 08:46:55.799697,18,7,60
2025-08-07 09:46:55.799697,15,8,54
2025-08-07 10:46:55.799697,16,10,45
2025-08-07 11:46:55.799697,11,8,44
2025-08-07 12:46:55.799697,12,6,45
2025-08-07 13:46:55.799697,14,9,31
2025-08-07 14:46:55.799697,13,7,39
2025-08-07 15:46:55.799697,9,5,54
2025-08-07 16:46:55.799697,10,5,51
2025-08-07 17:46:55.799697,10,5,63
2025-08-07 18:46:55.799697,6,3,64
2025-08-07 19:46:55.799697,6,3,55
2025-08-07 20:46:55.799697,2,2,61
2025-08-07 21:46:55.799697,5,0,59
2025-08-07 22:46:55.799697,4,1,44
2025-08-07 23:46:55.799697,6,2,34
2025-08-08 00:46:55.799697,7,1,32
2025-08-08 01:46:55.799697,6,2,37
2025-08-08 02:46:55.799697,11,3,42
2025-08-08 03:46:55.799697,8,4,48
2025-08-08 04:46:55.799697,9,4,55
2025-08-08 05:46:55.799697,7,7,55
2025-08-08 06:46:55.799697,14,5,53
2025-08-08 07:46:55.799697,12,8,58
2025-08-08 08:46:55.799697,17,8,44
2025-08-08 09:46:55.799697,15,7,39
2025-08-08 10:46:55.799697,9,6,41
2025-08-08 11:46:55.799697,15,7,36
2025-08-08 12:46:55.799697,11,3,37
2025-08-08 13:46:55.799697,12,6,31
2025-08-08 14:46:55.799697,8,6,35
2025-08-08 15:46:55.799697,10,3,49
2025-08-08 16:46:55.799697,4,3,56
2025-08-08 17:46:55.799697,4,2,56
2025-08-08 18:46:55.799697,3,1,54
2025-08-08 19:46:55.799697,2,1,60
2025-08-08 20:46:55.799697,6,0,51
2025-08-08 21:46:55.799697,2,0,40
2025-08-08 22:46:55.799697,0,1,40
2025-08-08 23:46:55.799697,3,1,31
2025-08-09 00:46:55.799697,3,0,28
2025-08-09 01:46:55.799697,5,1,27
2025-08-09 02:46:55.799697,3,2,24
2025-08-09 03:46:55.799697,8,4,43
2025-08-09 04:46:55.799697,10,4,43
2025-08-09 05:46:55.799697,10,5,51
2025-08-09 06:46:55.799697,12,6,57
2025-08-09 07:46:55.799697,13,4,55
2025-08-09 08:46:55.799697,10,5,53
2025-08-09 09:46:55.799697,14,6,42
2025-08-09 10:46:55.799697,14,8,23
2025-08-09 11:46:55.799697,11,6,31
2025-08-09 12:46:55.799697,10,6,30
2025-08-09 13:46:55.799697,9,4,23
2025-08-09 14:46:55.799697,7,3,33
2025-08-09 15:46:55.799697,7,3,41
2025-08-09 16:46:55.799697,5,0,46
2025-08-09 17:46:55.799697,5,2,54
2025-08-09 18:46:55.799697,4,0,62
2025-08-09 19:46:55.799697,5,1,64
2025-08-09 20:46:55.799697,3,0,50
2025-08-09 21:46:55.799697,0,1,50
2025-08-09 22:46:55.799697,4,0,24
2025-08-09 23:46:55.799697,4,1,30
2025-08-10 00:46:55.799697,4,1,26
2025-08-10 01:46:55.799697,2,2,26
2025-08-10 02:46:55.799697,8,2,40
2025-08-10 03:46:55.799697,10,4,40
2025-08-10 04:46:55.799697,9,3,55
2025-08-10 05:46:55.799697,11,6,63
2025-08-10 06:46:55.799697,9,5,60
2025-08-10 07:46:55.799697,14,8,64
2025-08-10 08:46:55.799697,14,7,51
2025-08-10 09:46:55.799697,16,7,43
2025-08-10 10:46:55.799697,15,7,36
2025-08-10 11:46:55.799697,13,7,34
2025-08-10 12:46:55.799697,11,7,26
2025-08-10 13:46:55.799697,11,6,30
2025-08-10 14:46:55.799697,9,4,44
2025-08-10 15:46:55.799697,11,4,53
2025-08-10 16:46:55.799697,5,3,67
2025-08-10 17:46:55.799697,9,2,56
2025-08-10 18:46:55.799697,5,3,59
2025-08-10 19:46:55.799697,0,3,73
2025-08-10 20:46:55.799697,5,3,51
2025-08-10 21:46:55.799697,0,2,49
2025-08-10 22:46:55.799697,4,2,34
2025-08-10 23:46:55.799697,7,3,29
2025-08-11 00:46:55.799697,4,1,38
2025-08-11 01:46:55.799697,6,3,34
2025-08-11 02:46:55.799697,8,5,41
2025-08-11 03:46:55.799697,8,5,64
2025-08-11 04:46:55.799697,13,7,61
2025-08-11 05:46:55.799697,13,6,66
2025-08-11 06:46:55.799697,13,7,60
2025-08-11 07:46:55.799697,16,8,65
2025-08-11 08:46:55.799697,20,7,60
2025-08-11 09:46:55.799697,19,9,45
2025-08-11 10:46:55.799697,18,12,42
2025-08-11 11:46:55.799697,15,7,39
2025-08-11 12:46:55.799697,17,8,34
2025-08-11 13:46:55.799697,12,6,48
2025-08-11 14:46:55.799697,10,7,45
2025-08-11 15:46:55.799697,11,7,58
2025-08-11 16:46:55.799697,10,4,60
2025-08-11 17:46:55.799697,6,5,75
2025-08-11 18:46:55.799697,13,3,74
2025-08-11 19:46:55.799697,9,4,78
2025-08-11 20:46:55.799697,7,4,67
2025-08-11 21:46:55.799697,5,4,57
2025-08-11 22:46:55.799697,8,5,51
2025-08-11 23:46:55.799697,5,4,48
2025-08-12 00:46:55.799697,11,5,48
2025-08-12 01:46:55.799697,12,5,35
2025-08-12 02:46:55.799697,10,5,46
2025-08-12 03:46:55.799697,11,7,59
2025-08-12 04:46:55.799697,11,8,70
2025-08-12 05:46:55.799697,16,8,65
2025-08-12 06:46:55.799697,15,7,75
2025-08-12 07:46:55.799697,14,10,76
2025-08-12 08:46:55.799697,20,10,69
2025-08-12 09:46:55.799697,17,8,61
2025-08-12 10:46:55.799697,13,10,49
2025-08-12 11:46:55.799697,18,8,49
2025-08-12 12:46:55.799697,17,8,47
2025-08-12 13:46:55.799697,16,9,44
2025-08-12 14:46:55.799697,15,7,52
2025-08-12 15:46:55.799697,15,7,62
2025-08-12 16:46:55.799697,12,5,73
2025-08-12 17:46:55.799697,13,6,73
2025-08-12 18:46:55.799697,10,4,68
2025-08-12 19:46:55.799697,8,5,72
2025-08-12 20:46:55.799697,9,5,67
2025-08-12 21:46:55.799697,9,5,59
2025-08-12 22:46:55.799697,6,3,60
2025-08-12 23:46:55.799697,9,3,49
2025-08-13 00:46:55.799697,9,5,50
2025-08-13 01:46:55.799697,10,5,47
2025-08-13 02:46:55.799697,13,5,53
2025-08-13 03:46:55.799697,15,8,59
2025-08-13 04:46:55.799697,14,9,70
2025-08-13 05:46:55.799697,15,9,71
2025-08-13 06:46:55.799697,15,9,66
2025-08-13 07:46:55.799697,18,8,78
2025-08-13 08:46:55.799697,19,9,68
2025-08-13 09:46:55.799697,18,9,57
2025-08-13 10:46:55.799697,19,10,53
2025-08-13 11:46:55.799697,15,10,55
2025-08-13 12:46:55.799697,14,9,45
2025-08-13 13:46:55.799697,14,9,46
2025-08-13 14:46:55.799697,13,6,53
2025-08-13 15:46:55.799697,10,6,57
2025-08-13 16:46:55.799697,13,5,62
2025-08-13 17:46:55.799697,9,4,76
2025-08-13 18:46:55.799697,10,5,72
2025-08-13 19:46:55.799697,10,3,75
2025-08-13 20:46:55.799697,6,4,58
2025-08-13 21:46:55.799697,8,5,48
2025-08-13 22:46:55.799697,6,2,54
2025-08-13 23:46:55.799697,6,3,44
2025-08-14 00:46:55.799697,7,3,47
2025-08-14 01:46:55.799697,7,5,44
2025-08-14 02:46:55.799697,7,5,51
2025-08-14 03:46:55.799697,10,6,56
2025-08-14 04:46:55.799697,10,6,59
2025-08-14 05:46:55.799697,12,8,71
2025-08-14 06:46:55.799697,16,7,70
2025-08-14 07:46:55.799697,12,8,67
2025-08-14 08:46:55.799697,15,10,71
2025-08-14 09:46:55.799697,12,8,55
2025-08-14 10:46:55.799697,18,8,43
2025-08-14 11:46:55.799697,15,9,34
2025-08-14 12:46:55.799697,14,8,45
2025-08-14 13:46:55.799697,10,7,30
2025-08-14 14:46:55.799697,13,6,42
2025-08-14 15:46:55.799697,8,3,54
2025-08-14 16:46:55.799697,8,5,61
2025-08-14 17:46:55.799697,6,3,59
2025-08-14 18:46:55.799697,7,3,73
2025-08-14 19:46:55.799697,7,2,64
2025-08-14 20:46:55.799697,6,3,60
2025-08-14 21:46:55.799697,6,1,60
2025-08-14 22:46:55.799697,6,1,45
2025-08-14 23:46:55.799697,6,2,26
2025-08-15 00:46:55.799697,7,0,34
2025-08-15 01:46:55.799697,3,4,26
2025-08-15 02:46:55.799697,5,4,36
2025-08-15 03:46:55.799697,10,5,48
2025-08-15 04:46:55.799697,13,4,57
2025-08-15 05:46:55.799697,6,5,54
2025-08-15 06:46:55.799697,10,6,57
2025-08-15 07:46:55.799697,14,7,62
2025-08-15 08:46:55.799697,12,6,55
2025-08-15 09:46:55.799697,14,7,51
2025-08-15 10:46:55.799697,17,6,37
2025-08-15 11:46:55.799697,14,7,22
2025-08-15 12:46:55.799697,8,7,15
2025-08-15 13:46:55.799697,8,5,28
2025-08-15 14:46:55.799697,10,3,34
2025-08-15 15:46:55.799697,8,2,48
2025-08-15 16:46:55.799697,7,1,55
2025-08-15 17:46:55.799697,8,2,62
2025-08-15 18:46:55.799697,4,0,54
2025-08-15 19:46:55.799697,6,1,57
2025-08-15 20:46:55.799697,6,0,57
2025-08-15 21:46:55.799697,0,0,33
2025-08-15 22:46:55.799697,1,0,38
2025-08-15 23:46:55.799697,3,0,24
2025-08-16 00:46:55.799697,4,1,26
2025-08-16 01:46:55.799697,4,1,37
2025-08-16 02:46:55.799697,9,3,38
2025-08-16 03:46:55.799697,5,4,38
2025-08-16 04:46:55.799697,9,4,54
2025-08-16 05:46:55.799697,13,5,48
2025-08-16 06:46:55.799697,11,4,60
2025-08-16 07:46:55.799697,13,6,52
2025-08-16 08:46:55.799697,16,5,47
2025-08-16 09:46:55.799697,14,5,37
2025-08-16 10:46:55.799697,13,5,38
2025-08-16 11:46:55.799697,11,8,26
2025-08-16 12:46:55.799697,11,5,19
2025-08-16 13:46:55.799697,10,5,28
2025-08-16 14:46:55.799697,11,4,28
2025-08-16 15:46:55.799697,6,2,42
2025-08-16 16:46:55.799697,3,3,58
2025-08-16 17:46:55.799697,5,0,59
2025-08-16 18:46:55.799697,4,1,63
2025-08-16 19:46:55.799697,2,0,58
2025-08-16 20:46:55.799697,4,2,52
2025-08-16 21:46:55.799697,1,0,36
2025-08-16 22:46:55.799697,3,1,32
2025-08-16 23:46:55.799697,4,1,33
2025-08-17 00:46:55.799697,5,1,27
2025-08-17 01:46:55.799697,3,2,25
2025-08-17 02:46:55.799697,6,1,21
2025-08-17 03:46:55.799697,11,3,41
2025-08-17 04:46:55.799697,12,4,53
2025-08-17 05:46:55.799697,12,6,58
2025-08-17 06:46:55.799697,9,5,61
2025-08-17 07:46:55.799697,14,6,56
2025-08-17 08:46:55.799697,12,4,51
2025-08-17 09:46:55.799697,13,8,45
2025-08-17 10:46:55.799697,15,7,36
2025-08-17 11:46:55.799697,16,6,38
2025-08-17 12:46:55.799697,13,6,27
2025-08-17 13:46:55.799697,8,4,28
2025-08-17 14:46:55.799697,10,6,40
2025-08-17 15:46:55.799697,6,5,42
2025-08-17 16:46:55.799697,8,3,60
2025-08-17 17:46:55.799697,9,1,50
2025-08-17 18:46:55.799697,8,2,69
2025-08-17 19:46:55.799697,4,3,62
2025-08-17 20:46:55.799697,2,0,55
2025-08-17 21:46:55.799697,6,2,49
2025-08-17 22:46:55.799697,6,0,43
2025-08-17 23:46:55.799697,2,2,44
2025-08-18 00:46:55.799697,5,4,37
2025-08-18 01:46:55.799697,6,3,37
2025-08-18 02:46:55.799697,9,6,51
2025-08-18 03:46:55.799697,11,7,45
2025-08-18 04:46:55.799697,13,5,52
2025-08-18 05:46:55.799697,14,7,65
2025-08-18 06:46:55.799697,12,7,72
2025-08-18 07:46:55.799697,14,7,60
2025-08-18 08:46:55.799697,16,8,62
2025-08-18 09:46:55.799697,16,8,49
2025-08-18 10:46:55.799697,15,10,45
2025-08-18 11:46:55.799697,16,8,30
2025-08-18 12:46:55.799697,13,9,36
2025-08-18 13:46:55.799697,14,8,45
2025-08-18 14:46:55.799697,14,7,52
2025-08-18 15:46:55.799697,10,7,53
2025-08-18 16:46:55.799697,11,5,60
2025-08-18 17:46:55.799697,7,5,67
2025-08-18 18:46:55.799697,9,4,75
2025-08-18 19:46:55.799697,11,3,81
2025-08-18 20:46:55.799697,7,4,68
2025-08-18 21:46:55.799697,6,3,56
2025-08-18 22:46:55.799697,13,3,46
2025-08-18 23:46:55.799697,8,2,53
2025-08-19 00:46:55.799697,7,3,48
2025-08-19 01:46:55.799697,9,6,52
2025-08-19 02:46:55.799697,10,4,60
2025-08-19 03:46:55.799697,13,7,57
2025-08-19 04:46:55.799697,15,7,62
2025-08-19 05:46:55.799697,14,7,67
2025-08-19 06:46:55.799697,15,9,68
2025-08-19 07:46:55.799697,19,8,62
2025-08-19 08:46:55.799697,13,10,65
2025-08-19 09:46:55.799697,16,9,58
2025-08-19 10:46:55.799697,17,9,51
2025-08-19 11:46:55.799697,15,9,52
2025-08-19 12:46:55.799697,11,10,50
2025-08-19 13:46:55.799697,14,9,39
2025-08-19 14:46:55.799697,15,8,50
2025-08-19 15:46:55.799697,13,6,55
2025-08-19 16:46:55.799697,13,5,73
2025-08-19 17:46:55.799697,9,6,73
2025-08-19 18:46:55.799697,5,6,74
2025-08-19 19:46:55.799697,6,3,81
2025-08-19 20:46:55.799697,10,3,67
2025-08-19 21:46:55.799697,10,3,60
2025-08-19 22:46:55.799697,8,4,56
2025-08-19 23:46:55.799697,8,4,49
2025-08-20 00:46:55.799697,10,3,39
2025-08-20 01:46:55.799697,13,5,48
2025-08-20 02:46:55.799697,8,7,54
2025-08-20 03:46:55.799697,12,7,66
2025-08-20 04:46:55.799697,10,7,68
2025-08-20 05:46:55.799697,10,10,76
2025-08-20 06:46:55.799697,15,10,79
2025-08-20 07:46:55.799697,15,7,76
2025-08-20 08:46:55.799697,20,11,62
2025-08-20 09:46:55.799697,19,9,55
2025-08-20 10:46:55.799697,13,9,40
2025-08-20 11:46:55.799697,22,10,47
2025-08-20 12:46:55.799697,16,9,35
2025-08-20 13:46:55.799697,13,7,52
2025-08-20 14:46:55.799697,14,7,53
2025-08-20 15:46:55.799697,14,7,57
2025-08-20 16:46:55.799697,13,4,68
2025-08-20 17:46:55.799697,11,4,61
2025-08-20 18:46:55.799697,7,3,68
2025-08-20 19:46:55.799697,8,5,67
2025-08-20 20:46:55.799697,8,2,63
2025-08-20 21:46:55.799697,9,3,57
2025-08-20 22:46:55.799697,7,2,48
2025-08-20 23:46:55.799697,9,4,38
2025-08-21 00:46:55.799697,8,2,41
2025-08-21 01:46:55.799697,10,5,39
2025-08-21 02:46:55.799697,5,6,50
2025-08-21 03:46:55.799697,12,5,55
2025-08-21 04:46:55.799697,13,6,65
2025-08-21 05:46:55.799697,13,6,60
2025-08-21 06:46:55.799697,13,7,67
2025-08-21 07:46:55.799697,16,8,69
2025-08-21 08:46:55.799697,15,7,54
2025-08-21 09:46:55.799697,16,9,44
2025-08-21 10:46:55.799697,15,6,46
2025-08-21 11:46:55.799697,15,10,41
2025-08-21 12:46:55.799697,13,8,37
2025-08-21 13:46:55.799697,13,7,40
2025-08-21 14:46:55.799697,14,5,35
2025-08-21 15:46:55.799697,8,4,41
2025-08-21 16:46:55.799697,9,5,49
2025-08-21 17:46:55.799697,6,3,60
2025-08-21 18:46:55.799697,7,3,61
2025-08-21 19:46:55.799697,5,2,60
2025-08-21 20:46:55.799697,7,3,47
2025-08-21 21:46:55.799697,2,0,45
2025-08-21 22:46:55.799697,5,3,44
2025-08-21 23:46:55.799697,5,3,30
2025-08-22 00:46:55.799697,4,2,26
2025-08-22 01:46:55.799697,6,2,33
2025-08-22 02:46:55.799697,10,3,33
2025-08-22 03:46:55.799697,11,4,45
2025-08-22 04:46:55.799697,11,7,56
2025-08-22 05:46:55.799697,7,5,59
2025-08-22 06:46:55.799697,14,6,72
2025-08-22 07:46:55.799697,9,7,60
2025-08-22 08:46:55.799697,13,8,51
2025-08-22 09:46:55.799697,10,7,43
2025-08-22 10:46:55.799697,8,6,39
2025-08-22 11:46:55.799697,14,5,19
2025-08-22 12:46:55.799697,11,5,29
2025-08-22 13:46:55.799697,12,4,28
2025-08-22 14:46:55.799697,9,3,38
2025-08-22 15:46:55.799697,8,3,40
2025-08-22 16:46:55.799697,3,1,41
2025-08-22 17:46:55.799697,7,1,50
2025-08-22 18:46:55.799697,3,2,56
2025-08-22 19:46:55.799697,3,0,46
2025-08-22 20:46:55.799697,1,2,51
2025-08-22 21:46:55.799697,0,0,45
2025-08-22 22:46:55.799697,2,0,37
2025-08-22 23:46:55.799697,4,3,32
2025-08-23 00:46:55.799697,6,1,29
2025-08-23 01:46:55.799697,7,1,36
2025-08-23 02:46:55.799697,6,2,35
2025-08-23 03:46:55.799697,11,4,44
2025-08-23 04:46:55.799697,8,4,48
2025-08-23 05:46:55.799697,9,5,62
2025-08-23 06:46:55.799697,8,4,58
2025-08-23 07:46:55.799697,11,6,48
2025-08-23 08:46:55.799697,16,5,55
2025-08-23 09:46:55.799697,11,5,35
2025-08-23 10:46:55.799697,12,6,38
2025-08-23 11:46:55.799697,11,5,25
2025-08-23 12:46:55.799697,14,6,24
2025-08-23 13:46:55.799697,10,5,26
2025-08-23 14:46:55.799697,7,2,31
2025-08-23 15:46:55.799697,8,4,47
2025-08-23 16:46:55.799697,1,2,54
2025-08-23 17:46:55.799697,6,1,55
2025-08-23 18:46:55.799697,6,0,54
2025-08-23 19:46:55.799697,7,0,53
2025-08-23 20:46:55.799697,0,0,42
2025-08-23 21:46:55.799697,3,1,46
2025-08-23 22:46:55.799697,2,3,37
2025-08-23 23:46:55.799697,0,1,28
2025-08-24 00:46:55.799697,6,0,29
2025-08-24 01:46:55.799697,5,2,33
2025-08-24 02:46:55.799697,4,1,27
2025-08-24 03:46:55.799697,6,5,47
2025-08-24 04:46:55.799697,10,4,47
2025-08-24 05:46:55.799697,10,6,53
2025-08-24 06:46:55.799697,11,5,65
2025-08-24 07:46:55.799697,14,5,65
2025-08-24 08:46:55.799697,13,5,58
2025-08-24 09:46:55.799697,11,8,54
2025-08-24 10:46:55.799697,14,8,27
2025-08-24 11:46:55.799697,13,6,28
2025-08-24 12:46:55.799697,11,6,24
2025-08-24 13:46:55.799697,9,6,30
2025-08-24 14:46:55.799697,8,5,44
2025-08-24 15:46:55.799697,12,3,51
2025-08-24 16:46:55.799697,7,4,54
2025-08-24 17:46:55.799697,6,4,55
2025-08-24 18:46:55.799697,4,3,63
2025-08-24 19:46:55.799697,4,4,53
2025-08-24 20:46:55.799697,1,1,52
2025-08-24 21:46:55.799697,7,2,46
2025-08-24 22:46:55.799697,5,3,32
2025-08-24 23:46:55.799697,7,1,34
2025-08-25 00:46:55.799697,8,2,36
2025-08-25 01:46:55.799697,5,4,37
2025-08-25 02:46:55.799697,11,5,36
2025-08-25 03:46:55.799697,12,4,51
2025-08-25 04:46:55.799697,9,5,48
2025-08-25 05:46:55.799697,17,7,68
2025-08-25 06:46:55.799697,14,8,62
2025-08-25 07:46:55.799697,15,7,68
2025-08-25 08:46:55.799697,16,10,63
2025-08-25 09:46:55.799697,17,11,56
2025-08-25 10:46:55.799697,15,9,36
2025-08-25 11:46:55.799697,15,7,45
2025-08-25 12:46:55.799697,11,8,45
2025-08-25 13:46:55.799697,14,9,42
2025-08-25 14:46:55.799697,15,9,46
2025-08-25 15:46:55.799697,8,6,43
2025-08-25 16:46:55.799697,10,4,65
2025-08-25 17:46:55.799697,11,4,66
2025-08-25 18:46:55.799697,9,4,80
2025-08-25 19:46:55.799697,9,3,69
2025-08-25 20:46:55.799697,6,4,61
2025-08-25 21:46:55.799697,8,3,46
2025-08-25 22:46:55.799697,7,3,46
2025-08-25 23:46:55.799697,13,3,38
2025-08-26 00:46:55.799697,8,3,41
2025-08-26 01:46:55.799697,9,1,37
2025-08-26 02:46:55.799697,10,5,55
2025-08-26 03:46:55.799697,14,5,67
2025-08-26 04:46:55.799697,13,8,66
2025-08-26 05:46:55.799697,14,9,67
2025-08-26 06:46:55.799697,15,9,77
2025-08-26 07:46:55.799697,16,8,78
2025-08-26 08:46:55.799697,20,9,67
2025-08-26 09:46:55.799697,18,11,61
2025-08-26 10:46:55.799697,20,11,59
2025-08-26 11:46:55.799697,19,10,43
2025-08-26 12:46:55.799697,14,8,45
2025-08-26 13:46:55.799697,17,9,37
2025-08-26 14:46:55.799697,17,8,45
2025-08-26 15:46:55.799697,10,8,63
2025-08-26 16:46:55.799697,13,6,70
2025-08-26 17:46:55.799697,11,6,74
2025-08-26 18:46:55.799697,12,6,71
2025-08-26 19:46:55.799697,7,4,80
2025-08-26 20:46:55.799697,7,4,69
2025-08-26 21:46:55.799697,10,4,64
2025-08-26 22:46:55.799697,7,5,56
2025-08-26 23:46:55.799697,9,3,48
2025-08-27 00:46:55.799697,9,6,43
2025-08-27 01:46:55.799697,11,7,46
2025-08-27 02:46:55.799697,14,5,56
2025-08-27 03:46:55.799697,16,6,56
2025-08-27 04:46:55.799697,11,6,72
2025-08-27 05:46:55.799697,19,7,75
2025-08-27 06:46:55.799697,17,9,77
2025-08-27 07:46:55.799697,16,8,71
2025-08-27 08:46:55.799697,16,9,65
2025-08-27 09:46:55.799697,14,9,61
2025-08-27 10:46:55.799697,17,8,50
2025-08-27 11:46:55.799697,19,9,47
2025-08-27 12:46:55.799697,14,10,42
2025-08-27 13:46:55.799697,14,6,47
2025-08-27 14:46:55.799697,13,6,59
2025-08-27 15:46:55.799697,13,7,55
2025-08-27 16:46:55.799697,11,4,59
2025-08-27 17:46:55.799697,8,4,73
2025-08-27 18:46:55.799697,5,5,74
2025-08-27 19:46:55.799697,10,3,66
2025-08-27 20:46:55.799697,7,4,63
2025-08-27 21:46:55.799697,7,4,61
2025-08-27 22:46:55.799697,6,4,52
2025-08-27 23:46:55.799697,10,4,49
2025-08-28 00:46:55.799697,11,3,47
2025-08-28 01:46:55.799697,10,6,42
2025-08-28 02:46:55.799697,10,4,38
2025-08-28 03:46:55.799697,11,6,57
2025-08-28 04:46:55.799697,12,7,49
2025-08-28 05:46:55.799697,17,7,68
2025-08-28 06:46:55.799697,13,7,68
2025-08-28 07:46:55.799697,15,7,63
2025-08-28 08:46:55.799697,13,8,61
2025-08-28 09:46:55.799697,16,8,53
2025-08-28 10:46:55.799697,18,8,49
2025-08-28 11:46:55.799697,15,7,34
2025-08-28 12:46:55.799697,13,8,43
2025-08-28 13:46:55.799697,10,8,32
2025-08-28 14:46:55.799697,10,5,50
2025-08-28 15:46:55.799697,12,5,52
2025-08-28 16:46:55.799697,9,4,54
2025-08-28 17:46:55.799697,7,4,73
2025-08-28 18:46:55.799697,7,3,65
2025-08-28 19:46:55.799697,6,2,56
2025-08-28 20:46:55.799697,7,1,62
2025-08-28 21:46:55.799697,2,2,38
2025-08-28 22:46:55.799697,5,1,37
2025-08-28 23:46:55.799697,3,4,31
2025-08-29 00:46:55.799697,4,1,29
2025-08-29 01:46:55.799697,6,3,33
2025-08-29 02:46:55.799697,6,4,38
2025-08-29 03:46:55.799697,9,5,50
2025-08-29 04:46:55.799697,8,6,62
2025-08-29 05:46:55.799697,10,7,61
2025-08-29 06:46:55.799697,10,7,50
2025-08-29 07:46:55.799697,12,8,58
2025-08-29 08:46:55.799697,12,9,52
2025-08-29 09:46:55.799697,13,6,42
2025-08-29 10:46:55.799697,11,5,43
2025-08-29 11:46:55.799697,13,5,24
2025-08-29 12:46:55.799697,13,6,26
2025-08-29 13:46:55.799697,15,5,35
2025-08-29 14:46:55.799697,12,3,29
2025-08-29 15:46:55.799697,8,2,40
2025-08-29 16:46:55.799697,7,2,44
2025-08-29 17:46:55.799697,6,3,56
2025-08-29 18:46:55.799697,5,2,55
2025-08-29 19:46:55.799697,2,0,56
2025-08-29 20:46:55.799697,4,0,50
2025-08-29 21:46:55.799697,2,0,32
2025-08-29 22:46:55.799697,7,1,39
2025-08-29 23:46:55.799697,3,1,26
2025-08-30 00:46:55.799697,6,0,21
2025-08-30 01:46:55.799697,5,2,37
2025-08-30 02:46:55.799697,4,3,26
2025-08-30 03:46:55.799697,6,3,47
2025-08-30 04:46:55.799697,5,3,52
2025-08-30 05:46:55.799697,8,4,53
2025-08-30 06:46:55.799697,9,3,54
2025-08-30 07:46:55.799697,8,5,58
2025-08-30 08:46:55.799697,10,6,53
2025-08-30 09:46:55.799697,12,7,35
2025-08-30 10:46:55.799697,11,4,30
2025-08-30 11:46:55.799697,13,6,21
2025-08-30 12:46:55.799697,13,5,29
2025-08-30 13:46:55.799697,10,4,22
2025-08-30 14:46:55.799697,6,4,29
2025-08-30 15:46:55.799697,7,4,36
2025-08-30 16:46:55.799697,5,1,54
2025-08-30 17:46:55.799697,6,1,55
2025-08-30 18:46:55.799697,5,0,53
2025-08-30 19:46:55.799697,4,2,51
2025-08-30 20:46:55.799697,0,1,49
2025-08-30 21:46:55.799697,1,1,42
2025-08-30 22:46:55.799697,6,2,41
2025-08-30 23:46:55.799697,8,0,25
2025-08-31 00:46:55.799697,6,3,24
2025-08-31 01:46:55.799697,3,1,15
2025-08-31 02:46:55.799697,8,3,49
2025-08-31 03:46:55.799697,9,0,34
2025-08-31 04:46:55.799697,10,5,52
2025-08-31 05:46:55.799697,9,5,55
2025-08-31 06:46:55.799697,8,5,53
2025-08-31 07:46:55.799697,14,7,62
2025-08-31 08:46:55.799697,16,9,47
2025-08-31 09:46:55.799697,14,7,48
2025-08-31 10:46:55.799697,14,5,34
2025-08-31 11:46:55.799697,15,7,30
2025-08-31 12:46:55.799697,12,6,29
2025-08-31 13:46:55.799697,14,6,30
2025-08-31 14:46:55.799697,12,6,35
2025-08-31 15:46:55.799697,12,5,48
2025-08-31 16:46:55.799697,4,5,57
2025-08-31 17:46:55.799697,5,3,52
2025-08-31 18:46:55.799697,1,3,58
2025-08-31 19:46:55.799697,5,1,62
2025-08-31 20:46:55.799697,7,2,54
2025-08-31 21:46:55.799697,3,2,54
2025-08-31 22:46:55.799697,4,3,34
2025-08-31 23:46:55.799697,6,3,33
2025-09-01 00:46:55.799697,9,3,42
2025-09-01 01:46:55.799697,7,2,38
2025-09-01 02:46:55.799697,12,5,36
2025-09-01 03:46:55.799697,9,5,56
2025-09-01 04:46:55.799697,9,4,62
2025-09-01 05:46:55.799697,11,7,65
2025-09-01 06:46:55.799697,16,9,58
2025-09-01 07:46:55.799697,18,8,65
2025-09-01 08:46:55.799697,18,9,56
2025-09-01 09:46:55.799697,12,8,52
2025-09-01 10:46:55.799697,17,8,45
2025-09-01 11:46:55.799697,17,7,35
2025-09-01 12:46:55.799697,13,7,42
2025-09-01 13:46:55.799697,14,6,40
2025-09-01 14:46:55.799697,10,9,51
2025-09-01 15:46:55.799697,7,6,51
2025-09-01 16:46:55.799697,9,7,70
2025-09-01 17:46:55.799697,8,2,73
2025-09-01 18:46:55.799697,9,2,71
2025-09-01 19:46:55.799697,10,4,70
2025-09-01 20:46:55.799697,7,3,68
2025-09-01 21:46:55.799697,1,3,50
2025-09-01 22:46:55.799697,6,4,46
2025-09-01 23:46:55.799697,4,3,43
2025-09-02 00:46:55.799697,10,6,34
2025-09-02 01:46:55.799697,11,6,48
2025-09-02 02:46:55.799697,12,9,54
2025-09-02 03:46:55.799697,17,7,46
2025-09-02 04:46:55.799697,18,8,68
2025-09-02 05:46:55.799697,15,7,76
2025-09-02 06:46:55.799697,18,8,71
2025-09-02 07:46:55.799697,18,9,72
2025-09-02 08:46:55.799697,15,11,68
2025-09-02 09:46:55.799697,17,11,55
2025-09-02 10:46:55.799697,14,10,52
2025-09-02 11:46:55.799697,20,12,42
2025-09-02 12:46:55.799697,17,8,45
2025-09-02 13:46:55.799697,14,10,41
2025-09-02 14:46:55.799697,16,7,49
2025-09-02 15:46:55.799697,11,7,61
2025-09-02 16:46:55.799697,12,5,67
2025-09-02 17:46:55.799697,8,5,79
2025-09-02 18:46:55.799697,8,4,74
2025-09-02 19:46:55.799697,12,5,68
2025-09-02 20:46:55.799697,9,4,73
2025-09-02 21:46:55.799697,9,5,62
2025-09-02 22:46:55.799697,10,4,59
2025-09-02 23:46:55.799697,8,3,47
2025-09-03 00:46:55.799697,7,5,48
2025-09-03 01:46:55.799697,9,7,37
2025-09-03 02:46:55.799697,12,7,49
2025-09-03 03:46:55.799697,17,7,66
2025-09-03 04:46:55.799697,13,8,69
2025-09-03 05:46:55.799697,18,9,65
2025-09-03 06:46:55.799697,16,7,74
2025-09-03 07:46:55.799697,17,9,68
2025-09-03 08:46:55.799697,20,9,68
2025-09-03 09:46:55.799697,18,9,72
2025-09-03 10:46:55.799697,15,9,52
2025-09-03 11:46:55.799697,17,9,42
2025-09-03 12:46:55.799697,17,9,40
2025-09-03 13:46:55.799697,15,8,47
2025-09-03 14:46:55.799697,14,7,50
2025-09-03 15:46:55.799697,15,6,56
2025-09-03 16:46:55.799697,10,6,77
2025-09-03 17:46:55.799697,10,4,68
2025-09-03 18:46:55.799697,7,5,71
2025-09-03 19:46:55.799697,8,3,70
2025-09-03 20:46:55.799697,5,3,63
2025-09-03 21:46:55.799697,9,3,59
2025-09-03 22:46:55.799697,2,3,49
2025-09-03 23:46:55.799697,8,3,44
2025-09-04 00:46:55.799697,10,6,37
2025-09-04 01:46:55.799697,9,6,36
2025-09-04 02:46:55.799697,11,6,48
2025-09-04 03:46:55.799697,14,6,52
2025-09-04 04:46:55.799697,13,6,60
2025-09-04 05:46:55.799697,13,7,65
2025-09-04 06:46:55.799697,12,7,69
2025-09-04 07:46:55.799697,14,8,56
2025-09-04 08:46:55.799697,11,10,58
2025-09-04 09:46:55.799697,13,9,48
2025-09-04 10:46:55.799697,14,7,45
2025-09-04 11:46:55.799697,19,7,31
2025-09-04 12:46:55.799697,16,8,35
2025-09-04 13:46:55.799697,12,7,44
2025-09-04 14:46:55.799697,9,4,45
2025-09-04 15:46:55.799697,10,5,58
2025-09-04 16:46:55.799697,10,4,57
2025-09-04 17:46:55.799697,6,5,63
2025-09-04 18:46:55.799697,4,2,64
2025-09-04 19:46:55.799697,7,2,62
2025-09-04 20:46:55.799697,4,3,59
2025-09-04 21:46:55.799697,4,2,53
2025-09-04 22:46:55.799697,7,3,35
2025-09-04 23:46:55.799697,5,0,33
2025-09-05 00:46:55.799697,8,2,35
2025-09-05 01:46:55.799697,6,1,33
2025-09-05 02:46:55.799697,11,3,37
2025-09-05 03:46:55.799697,8,3,53
2025-09-05 04:46:55.799697,13,5,56
2025-09-05 05:46:55.799697,13,6,51
2025-09-05 06:46:55.799697,14,6,69
2025-09-05 07:46:55.799697,13,5,56
2025-09-05 08:46:55.799697,16,6,56
2025-09-05 09:46:55.799697,12,7,48
2025-09-05 10:46:55.799697,11,7,39
2025-09-05 11:46:55.799697,15,5,32
2025-09-05 12:46:55.799697,11,6,22
2025-09-05 13:46:55.799697,10,4,32
2025-09-05 14:46:55.799697,9,4,38
2025-09-05 15:46:55.799697,4,3,38
2025-09-05 16:46:55.799697,7,3,42
2025-09-05 17:46:55.799697,6,1,55
2025-09-05 18:46:55.799697,4,1,51
2025-09-05 19:46:55.799697,4,1,51
2025-09-05 20:46:55.799697,4,0,51
2025-09-05 21:46:55.799697,1,0,41
2025-09-05 22:46:55.799697,0,1,36
2025-09-05 23:46:55.799697,4,1,28
2025-09-06 00:46:55.799697,8,0,23
2025-09-06 01:46:55.799697,5,1,21
2025-09-06 02:46:55.799697,9,3,27
2025-09-06 03:46:55.799697,8,4,31
2025-09-06 04:46:55.799697,8,4,49
2025-09-06 05:46:55.799697,12,4,49
2025-09-06 06:46:55.799697,11,5,48
2025-09-06 07:46:55.799697,10,5,48
2025-09-06 08:46:55.799697,14,7,49
2025-09-06 09:46:55.799697,9,7,40
2025-09-06 10:46:55.799697,11,6,33
2025-09-06 11:46:55.799697,12,6,31
2025-09-06 12:46:55.799697,7,5,28
2025-09-06 13:46:55.799697,10,6,28
2025-09-06 14:46:55.799697,9,4,35
2025-09-06 15:46:55.799697,8,4,34
2025-09-06 16:46:55.799697,4,3,41
2025-09-06 17:46:55.799697,4,3,56
2025-09-06 18:46:55.799697,2,0,49
2025-09-06 19:46:55.799697,2,0,41
2025-09-06 20:46:55.799697,0,0,46
2025-09-06 21:46:55.799697,1,1,44
2025-09-06 22:46:55.799697,1,0,28
2025-09-06 23:46:55.799697,3,0,30
2025-09-07 00:46:55.799697,3,2,38
2025-09-07 01:46:55.799697,2,2,39
2025-09-07 02:46:55.799697,9,3,33
2025-09-07 03:46:55.799697,7,5,45
2025-09-07 04:46:55.799697,8,5,57
2025-09-07 05:46:55.799697,10,5,58
2025-09-07 06:46:55.799697,8,7,55
2025-09-07 07:46:55.799697,15,7,55
2025-09-07 08:46:55.799697,12,8,55
2025-09-07 09:46:55.799697,14,8,46
2025-09-07 10:46:55.799697,15,5,42
2025-09-07 11:46:55.799697,14,6,23
2025-09-07 12:46:55.799697,11,6,33
2025-09-07 13:46:55.799697,12,7,24
2025-09-07 14:46:55.799697,7,4,40
2025-09-07 15:46:55.799697,6,4,51
2025-09-07 16:46:55.799697,8,5,57
2025-09-07 17:46:55.799697,10,3,59
2025-09-07 18:46:55.799697,8,2,62
2025-09-07 19:46:55.799697,3,2,58
2025-09-07 20:46:55.799697,8,2,63
2025-09-07 21:46:55.799697,2,1,47
2025-09-07 22:46:55.799697,2,2,39
2025-09-07 23:46:55.799697,8,4,36
2025-09-08 00:46:55.799697,9,4,36
2025-09-08 01:46:55.799697,9,2,38
2025-09-08 02:46:55.799697,6,5,51
2025-09-08 03:46:55.799697,8,4,55
2025-09-08 04:46:55.799697,10,6,65
2025-09-08 05:46:55.799697,11,6,76
2025-09-08 06:46:55.799697,13,7,65
2025-09-08 07:46:55.799697,10,7,63
2025-09-08 08:46:55.799697,15,9,68
2025-09-08 09:46:55.799697,16,9,45
2025-09-08 10:46:55.799697,12,7,36
2025-09-08 11:46:55.799697,14,6,42
2025-09-08 12:46:55.799697,13,8,35
2025-09-08 13:46:55.799697,14,5,58
2025-09-08 14:46:55.799697,16,7,44
2025-09-08 15:46:55.799697,11,7,56
2025-09-08 16:46:55.799697,11,4,64
2025-09-08 17:46:55.799697,8,4,71
2025-09-08 18:46:55.799697,2,5,65
2025-09-08 19:46:55.799697,12,4,71
2025-09-08 20:46:55.799697,7,1,63
2025-09-08 21:46:55.799697,8,2,57
2025-09-08 22:46:55.799697,8,4,42
2025-09-08 23:46:55.799697,8,4,44
2025-09-09 00:46:55.799697,6,3,44
2025-09-09 01:46:55.799697,8,5,41
2025-09-09 02:46:55.799697,13,6,54
2025-09-09 03:46:55.799697,11,7,59
2025-09-09 04:46:55.799697,12,7,63
2025-09-09 05:46:55.799697,16,9,76
2025-09-09 06:46:55.799697,19,8,72
2025-09-09 07:46:55.799697,19,9,86
2025-09-09 08:46:55.799697,23,11,67
2025-09-09 09:46:55.799697,16,8,59
2025-09-09 10:46:55.799697,15,10,46
2025-09-09 11:46:55.799697,18,11,43
2025-09-09 12:46:55.799697,13,9,52
2025-09-09 13:46:55.799697,18,7,44
2025-09-09 14:46:55.799697,11,5,50
2025-09-09 15:46:55.799697,13,8,60
2025-09-09 16:46:55.799697,12,6,72
2025-09-09 17:46:55.799697,12,5,64
2025-09-09 18:46:55.799697,4,4,75
2025-09-09 19:46:55.799697,8,4,70
2025-09-09 20:46:55.799697,5,4,67
2025-09-09 21:46:55.799697,9,5,65
2025-09-09 22:46:55.799697,7,4,55
2025-09-09 23:46:55.799697,11,4,49
2025-09-10 00:46:55.799697,7,5,48
2025-09-10 01:46:55.799697,10,5,49
2025-09-10 02:46:55.799697,11,6,51
2025-09-10 03:46:55.799697,11,8,66
2025-09-10 04:46:55.799697,10,8,66
2025-09-10 05:46:55.799697,16,10,73
2025-09-10 06:46:55.799697,17,8,68
2025-09-10 07:46:55.799697,15,8,66
2025-09-10 08:46:55.799697,20,10,69
2025-09-10 09:46:55.799697,16,9,59
2025-09-10 10:46:55.799697,18,11,50
2025-09-10 11:46:55.799697,16,11,54
2025-09-10 12:46:55.799697,15,9,47
2025-09-10 13:46:55.799697,15,9,43
2025-09-10 14:46:55.799697,13,6,46
2025-09-10 15:46:55.799697,13,7,56
2025-09-10 16:46:55.799697,8,6,67
2025-09-10 17:46:55.799697,11,4,71
2025-09-10 18:46:55.799697,8,4,76
2025-09-10 19:46:55.799697,12,3,74
2025-09-10 20:46:55.799697,6,4,58
2025-09-10 21:46:55.799697,10,3,59
2025-09-10 22:46:55.799697,7,3,36
2025-09-10 23:46:55.799697,8,3,29
2025-09-11 00:46:55.799697,7,4,47
2025-09-11 01:46:55.799697,11,5,39
2025-09-11 02:46:55.799697,8,5,50
2025-09-11 03:46:55.799697,12,6,48
2025-09-11 04:46:55.799697,12,5,71
2025-09-11 05:46:55.799697,12,8,67
2025-09-11 06:46:55.799697,14,6,65
2025-09-11 07:46:55.799697,18,7,68
2025-09-11 08:46:55.799697,14,8,57
2025-09-11 09:46:55.799697,16,9,47
2025-09-11 10:46:55.799697,16,9,40
2025-09-11 11:46:55.799697,16,9,35
2025-09-11 12:46:55.799697,13,7,37
2025-09-11 13:46:55.799697,15,7,35
2025-09-11 14:46:55.799697,14,8,43
2025-09-11 15:46:55.799697,8,6,54
2025-09-11 16:46:55.799697,12,5,53
2025-09-11 17:46:55.799697,8,3,62
2025-09-11 18:46:55.799697,7,2,61
2025-09-11 19:46:55.799697,8,3,61
2025-09-11 20:46:55.799697,7,1,64
2025-09-11 21:46:55.799697,5,1,43
2025-09-11 22:46:55.799697,3,0,37
2025-09-11 23:46:55.799697,0,3,35
2025-09-12 00:46:55.799697,3,1,31
2025-09-12 01:46:55.799697,6,3,37
2025-09-12 02:46:55.799697,6,4,33
2025-09-12 03:46:55.799697,8,3,40
2025-09-12 04:46:55.799697,11,5,48
2025-09-12 05:46:55.799697,9,5,63
2025-09-12 06:46:55.799697,12,6,66
2025-09-12 07:46:55.799697,14,7,60
2025-09-12 08:46:55.799697,15,7,52
2025-09-12 09:46:55.799697,15,7,49
2025-09-12 10:46:55.799697,13,8,35
2025-09-12 11:46:55.799697,10,6,27
2025-09-12 12:46:55.799697,15,6,35
2025-09-12 13:46:55.799697,14,3,35
2025-09-12 14:46:55.799697,6,7,30
2025-09-12 15:46:55.799697,11,3,45
2025-09-12 16:46:55.799697,6,2,53
2025-09-12 17:46:55.799697,5,0,57
2025-09-12 18:46:55.799697,6,1,45
2025-09-12 19:46:55.799697,5,1,54
2025-09-12 20:46:55.799697,1,0,51
2025-09-12 21:46:55.799697,2,1,38
2025-09-12 22:46:55.799697,2,1,40
2025-09-12 23:46:55.799697,4,1,26
2025-09-13 00:46:55.799697,6,2,21
2025-09-13 01:46:55.799697,6,2,19
2025-09-13 02:46:55.799697,8,3,35
2025-09-13 03:46:55.799697,6,4,32
2025-09-13 04:46:55.799697,7,5,50
2025-09-13 05:46:55.799697,8,5,49
2025-09-13 06:46:55.799697,11,5,53
2025-09-13 07:46:55.799697,15,6,59
2025-09-13 08:46:55.799697,14,5,56
2025-09-13 09:46:55.799697,10,6,37
2025-09-13 10:46:55.799697,14,6,30
2025-09-13 11:46:55.799697,11,6,30
2025-09-13 12:46:55.799697,9,5,24
2025-09-13 13:46:55.799697,12,4,31
2025-09-13 14:46:55.799697,9,3,37
2025-09-13 15:46:55.799697,8,3,34
2025-09-13 16:46:55.799697,6,0,48
2025-09-13 17:46:55.799697,1,2,54
2025-09-13 18:46:55.799697,2,2,53
2025-09-13 19:46:55.799697,2,0,58
2025-09-13 20:46:55.799697,4,0,46
2025-09-13 21:46:55.799697,6,0,40
2025-09-13 22:46:55.799697,5,0,33
2025-09-13 23:46:55.799697,2,2,30
2025-09-14 00:46:55.799697,6,1,27
2025-09-14 01:46:55.799697,4,1,19
2025-09-14 02:46:55.799697,4,3,39
2025-09-14 03:46:55.799697,5,2,52
2025-09-14 04:46:55.799697,11,5,50
2025-09-14 05:46:55.799697,9,4,62
2025-09-14 06:46:55.799697,12,5,64
2025-09-14 07:46:55.799697,13,6,57
2025-09-14 08:46:55.799697,12,5,55
2025-09-14 09:46:55.799697,15,6,53
2025-09-14 10:46:55.799697,11,7,31
2025-09-14 11:46:55.799697,13,8,39
2025-09-14 12:46:55.799697,13,5,28
2025-09-14 13:46:55.799697,15,5,32
2025-09-14 14:46:55.799697,14,5,42
2025-09-14 15:46:55.799697,11,3,45
2025-09-14 16:46:55.799697,9,4,57
2025-09-14 17:46:55.799697,4,0,56
2025-09-14 18:46:55.799697,8,3,59
2025-09-14 19:46:55.799697,6,2,60
2025-09-14 20:46:55.799697,4,4,59
2025-09-14 21:46:55.799697,5,3,45
2025-09-14 22:46:55.799697,6,2,52
2025-09-14 23:46:55.799697,8,4,32
2025-09-15 00:46:55.799697,5,3,33
2025-09-15 01:46:55.799697,3,2,39
2025-09-15 02:46:55.799697,9,2,46
2025-09-15 03:46:55.799697,9,7,54
2025-09-15 04:46:55.799697,11,4,57
2025-09-15 05:46:55.799697,12,7,68
2025-09-15 06:46:55.799697,17,9,65
2025-09-15 07:46:55.799697,15,9,64
2025-09-15 08:46:55.799697,19,9,65
2025-09-15 09:46:55.799697,14,9,53
2025-09-15 10:46:55.799697,14,9,43
2025-09-15 11:46:55.799697,15,8,38
2025-09-15 12:46:55.799697,16,8,34
2025-09-15 13:46:55.799697,13,6,45
2025-09-15 14:46:55.799697,9,7,46
2025-09-15 15:46:55.799697,11,5,53
2025-09-15 16:46:55.799697,10,6,62
2025-09-15 17:46:55.799697,7,6,67
2025-09-15 18:46:55.799697,7,3,64
2025-09-15 19:46:55.799697,9,3,69
2025-09-15 20:46:55.799697,4,3,69
2025-09-15 21:46:55.799697,7,2,45
2025-09-15 22:46:55.799697,5,4,52
2025-09-15 23:46:55.799697,9,4,37
2025-09-16 00:46:55.799697,8,6,43
2025-09-16 01:46:55.799697,10,3,44
2025-09-16 02:46:55.799697,12,6,51
2025-09-16 03:46:55.799697,15,5,71
2025-09-16 04:46:55.799697,15,7,66
2025-09-16 05:46:55.799697,15,10,64
2025-09-16 06:46:55.799697,14,9,72
2025-09-16 07:46:55.799697,19,9,69
2025-09-16 08:46:55.799697,13,11,68
2025-09-16 09:46:55.799697,15,9,62
2025-09-16 10:46:55.799697,15,10,46
2025-09-16 11:46:55.799697,18,9,44
2025-09-16 12:46:55.799697,18,9,41
2025-09-16 13:46:55.799697,15,9,47
2025-09-16 14:46:55.799697,12,9,51
2025-09-16 15:46:55.799697,13,8,61
2025-09-16 16:46:55.799697,6,7,70
2025-09-16 17:46:55.799697,12,7,73
2025-09-16 18:46:55.799697,10,4,75
2025-09-16 19:46:55.799697,9,4,78
2025-09-16 20:46:55.799697,9,3,70
2025-09-16 21:46:55.799697,7,3,58
2025-09-16 22:46:55.799697,7,4,54
2025-09-16 23:46:55.799697,6,4,43
2025-09-17 00:46:55.799697,10,5,44
2025-09-17 01:46:55.799697,8,5,47
2025-09-17 02:46:55.799697,10,5,47
2025-09-17 03:46:55.799697,16,5,57
2025-09-17 04:46:55.799697,12,8,63
2025-09-17 05:46:55.799697,17,9,83
2025-09-17 06:46:55.799697,15,11,85
2025-09-17 07:46:55.799697,18,11,61
2025-09-17 08:46:55.799697,19,9,68
2025-09-17 09:46:55.799697,18,9,57
2025-09-17 10:46:55.799697,20,9,55
2025-09-17 11:46:55.799697,20,10,43
2025-09-17 12:46:55.799697,16,7,35
2025-09-17 13:46:55.799697,17,8,41
2025-09-17 14:46:55.799697,9,7,46
2025-09-17 15:46:55.799697,11,7,57
2025-09-17 16:46:55.799697,9,6,71
2025-09-17 17:46:55.799697,10,6,60
2025-09-17 18:46:55.799697,9,5,77
2025-09-17 19:46:55.799697,7,5,71
2025-09-17 20:46:55.799697,3,2,75
2025-09-17 21:46:55.799697,7,2,58
2025-09-17 22:46:55.799697,4,2,46
2025-09-17 23:46:55.799697,8,2,48
2025-09-18 00:46:55.799697,7,3,44
2025-09-18 01:46:55.799697,10,5,53
2025-09-18 02:46:55.799697,11,5,50
2025-09-18 03:46:55.799697,13,7,52
2025-09-18 04:46:55.799697,13,7,68
2025-09-18 05:46:55.799697,15,7,72
2025-09-18 06:46:55.799697,14,7,71
2025-09-18 07:46:55.799697,14,7,63
2025-09-18 08:46:55.799697,14,7,52
2025-09-18 09:46:55.799697,13,8,52
2025-09-18 10:46:55.799697,16,8,47
2025-09-18 11:46:55.799697,13,6,47
2025-09-18 12:46:55.799697,17,10,34
2025-09-18 13:46:55.799697,14,8,43
2025-09-18 14:46:55.799697,14,7,49
2025-09-18 15:46:55.799697,9,5,45
2025-09-18 16:46:55.799697,9,3,61
2025-09-18 17:46:55.799697,9,4,62
2025-09-18 18:46:55.799697,7,2,67
2025-09-18 19:46:55.799697,4,2,68
2025-09-18 20:46:55.799697,6,3,59
2025-09-18 21:46:55.799697,4,2,49
2025-09-18 22:46:55.799697,3,1,39
2025-09-18 23:46:55.799697,6,2,30
2025-09-19 00:46:55.799697,5,3,27
2025-09-19 01:46:55.799697,10,3,35
2025-09-19 02:46:55.799697,7,3,36
2025-09-19 03:46:55.799697,6,7,41
2025-09-19 04:46:55.799697,8,4,58
2025-09-19 05:46:55.799697,14,6,55
2025-09-19 06:46:55.799697,13,7,60
2025-09-19 07:46:55.799697,10,6,57
2025-09-19 08:46:55.799697,11,6,49
2025-09-19 09:46:55.799697,14,7,44
2025-09-19 10:46:55.799697,17,6,38
2025-09-19 11:46:55.799697,12,6,26
2025-09-19 12:46:55.799697,15,6,41
2025-09-19 13:46:55.799697,13,5,38
2025-09-19 14:46:55.799697,6,4,31
2025-09-19 15:46:55.799697,9,3,40
2025-09-19 16:46:55.799697,4,4,46
2025-09-19 17:46:55.799697,6,4,51
2025-09-19 18:46:55.799697,4,0,59
2025-09-19 19:46:55.799697,5,0,61
2025-09-19 20:46:55.799697,0,2,49
2025-09-19 21:46:55.799697,5,1,51
2025-09-19 22:46:55.799697,3,2,38
2025-09-19 23:46:55.799697,2,1,24
2025-09-20 00:46:55.799697,9,2,26
2025-09-20 01:46:55.799697,4,2,36
2025-09-20 02:46:55.799697,5,2,30
2025-09-20 03:46:55.799697,8,3,35
2025-09-20 04:46:55.799697,7,4,46
2025-09-20 05:46:55.799697,9,5,54
2025-09-20 06:46:55.799697,8,5,59
2025-09-20 07:46:55.799697,10,7,51
2025-09-20 08:46:55.799697,14,6,50
2025-09-20 09:46:55.799697,14,6,42
2025-09-20 10:46:55.799697,11,6,21
2025-09-20 11:46:55.799697,13,6,29
2025-09-20 12:46:55.799697,10,5,25
2025-09-20 13:46:55.799697,8,5,21
2025-09-20 14:46:55.799697,7,4,32
2025-09-20 15:46:55.799697,7,2,41
2025-09-20 16:46:55.799697,6,3,47
2025-09-20 17:46:55.799697,5,0,46
2025-09-20 18:46:55.799697,4,2,49
2025-09-20 19:46:55.799697,0,2,50
2025-09-20 20:46:55.799697,4,0,46
2025-09-20 21:46:55.799697,2,0,37
2025-09-20 22:46:55.799697,3,0,37
2025-09-20 23:46:55.799697,1,2,24
2025-09-21 00:46:55.799697,5,0,35
2025-09-21 01:46:55.799697,6,1,28
2025-09-21 02:46:55.799697,7,2,36
2025-09-21 03:46:55.799697,7,4,38
2025-09-21 04:46:55.799697,8,5,47
2025-09-21 05:46:55.799697,13,4,55
2025-09-21 06:46:55.799697,12,4,58
2025-09-21 07:46:55.799697,15,6,54
2025-09-21 08:46:55.799697,12,6,52
2025-09-21 09:46:55.799697,11,8,48
2025-09-21 10:46:55.799697,14,8,43
2025-09-21 11:46:55.799697,12,6,38
2025-09-21 12:46:55.799697,11,6,27
2025-09-21 13:46:55.799697,9,5,33
2025-09-21 14:46:55.799697,9,6,30
2025-09-21 15:46:55.799697,8,3,41
2025-09-21 16:46:55.799697,10,2,51
2025-09-21 17:46:55.799697,5,2,57
2025-09-21 18:46:55.799697,6,2,57
2025-09-21 19:46:55.799697,5,3,59
2025-09-21 20:46:55.799697,5,3,59
2025-09-21 21:46:55.799697,5,1,54
2025-09-21 22:46:55.799697,6,2,36
2025-09-21 23:46:55.799697,8,3,34
2025-09-22 00:46:55.799697,8,4,32
2025-09-22 01:46:55.799697,7,2,35
2025-09-22 02:46:55.799697,13,5,40
2025-09-22 03:46:55.799697,8,5,55
2025-09-22 04:46:55.799697,7,8,66
2025-09-22 05:46:55.799697,12,6,62
2025-09-22 06:46:55.799697,11,8,65
2025-09-22 07:46:55.799697,14,6,66
2025-09-22 08:46:55.799697,17,7,58
2025-09-22 09:46:55.799697,15,10,50
2025-09-22 10:46:55.799697,17,9,41
2025-09-22 11:46:55.799697,15,8,40
2025-09-22 12:46:55.799697,14,9,44
2025-09-22 13:46:55.799697,12,6,36
2025-09-22 14:46:55.799697,10,6,45
2025-09-22 15:46:55.799697,11,8,52
2025-09-22 16:46:55.799697,13,4,72
2025-09-22 17:46:55.799697,14,5,67
2025-09-22 18:46:55.799697,9,5,72
2025-09-22 19:46:55.799697,6,3,68
2025-09-22 20:46:55.799697,8,4,61
2025-09-22 21:46:55.799697,6,2,68
2025-09-22 22:46:55.799697,4,5,44
2025-09-22 23:46:55.799697,9,4,49
2025-09-23 00:46:55.799697,12,4,36
2025-09-23 01:46:55.799697,9,6,41
2025-09-23 02:46:55.799697,10,6,57
2025-09-23 03:46:55.799697,12,7,56
2025-09-23 04:46:55.799697,11,7,62
2025-09-23 05:46:55.799697,17,8,69
2025-09-23 06:46:55.799697,16,8,78
2025-09-23 07:46:55.799697,15,9,64
2025-09-23 08:46:55.799697,19,12,61
2025-09-23 09:46:55.799697,17,10,53
2025-09-23 10:46:55.799697,16,12,58
2025-09-23 11:46:55.799697,17,10,49
2025-09-23 12:46:55.799697,14,8,45
2025-09-23 13:46:55.799697,16,9,41
2025-09-23 14:46:55.799697,11,10,58
2025-09-23 15:46:55.799697,11,8,62
2025-09-23 16:46:55.799697,12,8,70
2025-09-23 17:46:55.799697,9,6,67
2025-09-23 18:46:55.799697,8,6,75
2025-09-23 19:46:55.799697,7,5,72
2025-09-23 20:46:55.799697,5,4,69
2025-09-23 21:46:55.799697,5,4,66
2025-09-23 22:46:55.799697,14,4,50
2025-09-23 23:46:55.799697,9,5,44
2025-09-24 00:46:55.799697,13,3,48
2025-09-24 01:46:55.799697,10,7,47
2025-09-24 02:46:55.799697,9,8,50
2025-09-24 03:46:55.799697,13,8,60
2025-09-24 04:46:55.799697,12,8,71
2025-09-24 05:46:55.799697,16,6,76
2025-09-24 06:46:55.799697,21,9,72
2025-09-24 07:46:55.799697,17,10,65
2025-09-24 08:46:55.799697,16,9,71
2025-09-24 09:46:55.799697,21,10,62
2025-09-24 10:46:55.799697,17,7,59
2025-09-24 11:46:55.799697,17,9,51
2025-09-24 12:46:55.799697,18,11,42
2025-09-24 13:46:55.799697,12,8,52
2025-09-24 14:46:55.799697,9,7,52
2025-09-24 15:46:55.799697,14,7,57
2025-09-24 16:46:55.799697,10,5,60
2025-09-24 17:46:55.799697,7,6,56
2025-09-24 18:46:55.799697,6,3,78
2025-09-24 19:46:55.799697,5,4,79
2025-09-24 20:46:55.799697,7,4,60
2025-09-24 21:46:55.799697,6,3,69
2025-09-24 22:46:55.799697,8,4,45
2025-09-24 23:46:55.799697,7,2,45
2025-09-25 00:46:55.799697,7,3,40
2025-09-25 01:46:55.799697,12,4,42
2025-09-25 02:46:55.799697,8,5,53
2025-09-25 03:46:55.799697,11,6,52
2025-09-25 04:46:55.799697,8,6,64
2025-09-25 05:46:55.799697,13,6,61
2025-09-25 06:46:55.799697,15,7,72
2025-09-25 07:46:55.799697,15,8,59
2025-09-25 08:46:55.799697,13,7,62
2025-09-25 09:46:55.799697,15,9,57
2025-09-25 10:46:55.799697,13,10,44
2025-09-25 11:46:55.799697,12,7,39
2025-09-25 12:46:55.799697,14,8,35
2025-09-25 13:46:55.799697,12,7,41
2025-09-25 14:46:55.799697,10,7,45
2025-09-25 15:46:55.799697,8,4,51
2025-09-25 16:46:55.799697,8,5,60
2025-09-25 17:46:55.799697,10,6,56
2025-09-25 18:46:55.799697,9,2,63
2025-09-25 19:46:55.799697,4,2,63
2025-09-25 20:46:55.799697,5,3,64
2025-09-25 21:46:55.799697,4,1,53
2025-09-25 22:46:55.799697,4,2,48
2025-09-25 23:46:55.799697,5,1,30
2025-09-26 00:46:55.799697,7,1,31
2025-09-26 01:46:55.799697,5,4,31
2025-09-26 02:46:55.799697,5,3,43
2025-09-26 03:46:55.799697,7,3,41
2025-09-26 04:46:55.799697,12,4,52
2025-09-26 05:46:55.799697,13,5,62
2025-09-26 06:46:55.799697,14,7,58
2025-09-26 07:46:55.799697,15,6,58
2025-09-26 08:46:55.799697,15,8,60
2025-09-26 09:46:55.799697,13,8,41
2025-09-26 10:46:55.799697,15,6,27
2025-09-26 11:46:55.799697,13,5,29
2025-09-26 12:46:55.799697,12,6,30
2025-09-26 13:46:55.799697,10,6,20
2025-09-26 14:46:55.799697,9,7,29
2025-09-26 15:46:55.799697,6,4,39
2025-09-26 16:46:55.799697,5,4,38
2025-09-26 17:46:55.799697,3,3,55
2025-09-26 18:46:55.799697,2,2,58
2025-09-26 19:46:55.799697,2,2,55
2025-09-26 20:46:55.799697,1,1,52
2025-09-26 21:46:55.799697,1,0,46
2025-09-26 22:46:55.799697,1,0,30
2025-09-26 23:46:55.799697,5,0,34
2025-09-27 00:46:55.799697,6,0,27
2025-09-27 01:46:55.799697,2,2,31
2025-09-27 02:46:55.799697,6,2,30
2025-09-27 03:46:55.799697,7,1,38
2025-09-27 04:46:55.799697,10,2,47
2025-09-27 05:46:55.799697,4,4,55
2025-09-27 06:46:55.799697,10,6,55
2025-09-27 07:46:55.799697,10,5,59
2025-09-27 08:46:55.799697,13,5,55
2025-09-27 09:46:55.799697,16,7,42
2025-09-27 10:46:55.799697,12,7,36
2025-09-27 11:46:55.799697,11,5,23
2025-09-27 12:46:55.799697,11,6,23
2025-09-27 13:46:55.799697,9,4,24
2025-09-27 14:46:55.799697,13,2,33
2025-09-27 15:46:55.799697,7,4,48
2025-09-27 16:46:55.799697,6,4,53
2025-09-27 17:46:55.799697,6,1,50
2025-09-27 18:46:55.799697,3,1,57
2025-09-27 19:46:55.799697,3,1,65
2025-09-27 20:46:55.799697,6,0,44
2025-09-27 21:46:55.799697,0,0,44
2025-09-27 22:46:55.799697,1,0,38
2025-09-27 23:46:55.799697,0,0,29
2025-09-28 00:46:55.799697,3,0,24
2025-09-28 01:46:55.799697,6,3,33
2025-09-28 02:46:55.799697,6,2,37
2025-09-28 03:46:55.799697,7,5,47
2025-09-28 04:46:55.799697,15,5,52
2025-09-28 05:46:55.799697,10,5,61
2025-09-28 06:46:55.799697,12,5,62
2025-09-28 07:46:55.799697,12,5,48
2025-09-28 08:46:55.799697,10,6,48
2025-09-28 09:46:55.799697,11,8,48
2025-09-28 10:46:55.799697,12,6,31
2025-09-28 11:46:55.799697,14,7,33
2025-09-28 12:46:55.799697,13,6,35
2025-09-28 13:46:55.799697,10,6,33
2025-09-28 14:46:55.799697,11,7,31
2025-09-28 15:46:55.799697,5,2,52
2025-09-28 16:46:55.799697,9,3,48
2025-09-28 17:46:55.799697,7,2,66
2025-09-28 18:46:55.799697,4,1,56
2025-09-28 19:46:55.799697,8,5,57
2025-09-28 20:46:55.799697,2,3,56
2025-09-28 21:46:55.799697,4,3,45
2025-09-28 22:46:55.799697,7,0,33
2025-09-28 23:46:55.799697,4,2,28
2025-09-29 00:46:55.799697,6,6,38
2025-09-29 01:46:55.799697,8,3,35
2025-09-29 02:46:55.799697,9,3,45
2025-09-29 03:46:55.799697,9,5,41
2025-09-29 04:46:55.799697,10,5,66
2025-09-29 05:46:55.799697,13,5,68
2025-09-29 06:46:55.799697,13,5,63
2025-09-29 07:46:55.799697,14,7,68
2025-09-29 08:46:55.799697,19,9,58
2025-09-29 09:46:55.799697,18,6,53
2025-09-29 10:46:55.799697,19,9,57
2025-09-29 11:46:55.799697,15,7,48
2025-09-29 12:46:55.799697,17,7,43
2025-09-29 13:46:55.799697,20,6,43
2025-09-29 14:46:55.799697,8,6,46
2025-09-29 15:46:55.799697,12,5,52
2025-09-29 16:46:55.799697,10,6,64
2025-09-29 17:46:55.799697,10,5,70
2025-09-29 18:46:55.799697,5,3,64
2025-09-29 19:46:55.799697,7,4,69
2025-09-29 20:46:55.799697,6,3,64
2025-09-29 21:46:55.799697,6,3,63
2025-09-29 22:46:55.799697,5,3,49
2025-09-29 23:46:55.799697,5,4,47
2025-09-30 00:46:55.799697,6,4,42
2025-09-30 01:46:55.799697,12,4,59
2025-09-30 02:46:55.799697,9,6,47
2025-09-30 03:46:55.799697,9,8,68
2025-09-30 04:46:55.799697,11,7,65
2025-09-30 05:46:55.799697,17,9,74
2025-09-30 06:46:55.799697,20,9,70
2025-09-30 07:46:55.799697,17,10,72
2025-09-30 08:46:55.799697,18,9,68
2025-09-30 09:46:55.799697,17,10,57
2025-09-30 10:46:55.799697,17,10,57
2025-09-30 11:46:55.799697,20,8,49
2025-09-30 12:46:55.799697,17,9,49
2025-09-30 13:46:55.799697,17,9,46
2025-09-30 14:46:55.799697,16,10,49
2025-09-30 15:46:55.799697,10,8,68
2025-09-30 16:46:55.799697,15,7,71
2025-09-30 17:46:55.799697,13,4,75
2025-09-30 18:46:55.799697,10,5,77
2025-09-30 19:46:55.799697,5,4,79
2025-09-30 20:46:55.799697,10,3,62
2025-09-30 21:46:55.799697,8,4,57
2025-09-30 22:46:55.799697,7,5,48
2025-09-30 23:46:55.799697,9,5,56
2025-10-01 00:46:55.799697,9,3,47
2025-10-01 01:46:55.799697,9,5,50
2025-10-01 02:46:55.799697,14,6,52
2025-10-01 03:46:55.799697,11,7,57
2025-10-01 04:46:55.799697,14,8,69
2025-10-01 05:46:55.799697,17,9,78
2025-10-01 06:46:55.799697,15,9,77
2025-10-01 07:46:55.799697,17,8,75
2025-10-01 08:46:55.799697,18,10,72
2025-10-01 09:46:55.799697,16,11,62
2025-10-01 10:46:55.799697,19,9,48
2025-10-01 11:46:55.799697,15,8,38
2025-10-01 12:46:55.799697,16,7,41
2025-10-01 13:46:55.799697,19,8,46
2025-10-01 14:46:55.799697,12,7,52
2025-10-01 15:46:55.799697,12,7,58
2025-10-01 16:46:55.799697,10,7,63
2025-10-01 17:46:55.799697,9,5,75
2025-10-01 18:46:55.799697,10,3,70
2025-10-01 19:46:55.799697,8,6,75
2025-10-01 20:46:55.799697,7,4,51
2025-10-01 21:46:55.799697,11,4,50
2025-10-01 22:46:55.799697,9,4,49
2025-10-01 23:46:55.799697,11,2,41
2025-10-02 00:46:55.799697,8,5,43
2025-10-02 01:46:55.799697,8,6,45
2025-10-02 02:46:55.799697,8,3,54
2025-10-02 03:46:55.799697,13,6,50
2025-10-02 04:46:55.799697,9,5,60
2025-10-02 05:46:55.799697,18,6,73
2025-10-02 06:46:55.799697,16,8,71
2025-10-02 07:46:55.799697,16,6,65
2025-10-02 08:46:55.799697,15,8,55
2025-10-02 09:46:55.799697,16,7,55
2025-10-02 10:46:55.799697,15,7,42
2025-10-02 11:46:55.799697,12,8,36
2025-10-02 12:46:55.799697,15,7,47
2025-10-02 13:46:55.799697,13,9,41
2025-10-02 14:46:55.799697,14,5,39
2025-10-02 15:46:55.799697,12,5,43
2025-10-02 16:46:55.799697,10,5,51
2025-10-02 17:46:55.799697,9,4,66
2025-10-02 18:46:55.799697,6,2,68
2025-10-02 19:46:55.799697,6,1,63
2025-10-02 20:46:55.799697,4,1,60
2025-10-02 21:46:55.799697,5,3,52
2025-10-02 22:46:55.799697,4,1,31
2025-10-02 23:46:55.799697,8,2,32
2025-10-03 00:46:55.799697,7,2,31
2025-10-03 01:46:55.799697,7,2,35
2025-10-03 02:46:55.799697,7,2,39
2025-10-03 03:46:55.799697,8,5,47
2025-10-03 04:46:55.799697,8,6,55
2025-10-03 05:46:55.799697,12,5,66
2025-10-03 06:46:55.799697,16,6,58
2025-10-03 07:46:55.799697,13,7,63
2025-10-03 08:46:55.799697,14,9,52
2025-10-03 09:46:55.799697,11,7,45
2025-10-03 10:46:55.799697,14,7,30
2025-10-03 11:46:55.799697,12,6,22
2025-10-03 12:46:55.799697,9,4,32
2025-10-03 13:46:55.799697,13,4,24
2025-10-03 14:46:55.799697,10,4,41
2025-10-03 15:46:55.799697,8,4,36
2025-10-03 16:46:55.799697,5,2,59
2025-10-03 17:46:55.799697,3,1,71
2025-10-03 18:46:55.799697,2,1,57
2025-10-03 19:46:55.799697,3,2,54
2025-10-03 20:46:55.799697,1,0,48
2025-10-03 21:46:55.799697,2,0,42
2025-10-03 22:46:55.799697,3,1,34
2025-10-03 23:46:55.799697,4,1,30
2025-10-04 00:46:55.799697,7,2,25
2025-10-04 01:46:55.799697,5,2,25
2025-10-04 02:46:55.799697,4,1,29
2025-10-04 03:46:55.799697,9,2,31
2025-10-04 04:46:55.799697,6,4,40
2025-10-04 05:46:55.799697,11,4,53
2025-10-04 06:46:55.799697,11,4,65
2025-10-04 07:46:55.799697,16,6,46
2025-10-04 08:46:55.799697,8,5,42
2025-10-04 09:46:55.799697,16,6,43
2025-10-04 10:46:55.799697,13,6,36
2025-10-04 11:46:55.799697,13,7,31
2025-10-04 12:46:55.799697,7,5,25
2025-10-04 13:46:55.799697,10,5,28
2025-10-04 14:46:55.799697,8,4,29
2025-10-04 15:46:55.799697,7,4,43
2025-10-04 16:46:55.799697,1,2,57
2025-10-04 17:46:55.799697,5,1,60
2025-10-04 18:46:55.799697,1,0,63
2025-10-04 19:46:55.799697,5,0,56
2025-10-04 20:46:55.799697,4,0,48
2025-10-04 21:46:55.799697,3,1,35
2025-10-04 22:46:55.799697,1,1,38
2025-10-04 23:46:55.799697,3,2,27
2025-10-05 00:46:55.799697,7,1,29
2025-10-05 01:46:55.799697,4,2,22
2025-10-05 02:46:55.799697,6,1,36
2025-10-05 03:46:55.799697,10,3,43
